datetime,open,high,low,close,volume,quote_volume
2025-09-21 07:00:00,3.002,3.008,2.997,2.999,2074473.66,6229165.06
2025-09-21 08:00:00,2.999,3.002,2.992,2.992,1776709.2,5320153.04
2025-09-21 09:00:00,2.992,2.994,2.963,2.981,5543269.06,16477618.24
2025-09-21 10:00:00,2.981,2.982,2.969,2.97,2501540.67,7444976.0
2025-09-21 11:00:00,2.97,2.983,2.969,2.977,1707613.34,5084769.85
2025-09-21 12:00:00,2.977,2.988,2.975,2.981,2955305.76,8816107.32
2025-09-21 13:00:00,2.981,2.989,2.98,2.988,1354246.84,4042813.39
2025-09-21 14:00:00,2.988,2.99,2.976,2.978,2182401.07,6509989.92
2025-09-21 15:00:00,2.978,2.983,2.972,2.982,3270764.23,9737446.7
2025-09-21 16:00:00,2.982,2.985,2.963,2.967,4601678.84,13674280.55
2025-09-21 17:00:00,2.967,2.976,2.954,2.975,4726354.27,13995537.54
2025-09-21 18:00:00,2.975,2.987,2.974,2.987,2987156.07,8903363.13
2025-09-21 19:00:00,2.987,2.987,2.973,2.984,2227569.64,6636823.99
2025-09-21 20:00:00,2.984,2.987,2.976,2.977,3027754.45,9024309.44
2025-09-21 21:00:00,2.977,2.98,2.969,2.977,2260185.33,6726227.04
2025-09-21 22:00:00,2.977,2.994,2.967,2.993,3699281.59,11022331.66
2025-09-21 23:00:00,2.993,2.994,2.971,2.972,3493605.25,10403503.19
2025-09-22 00:00:00,2.972,2.977,2.902,2.918,20092080.92,58871014.06
2025-09-22 01:00:00,2.918,2.938,2.915,2.919,8539151.52,24969795.19
2025-09-22 02:00:00,2.919,2.924,2.879,2.9,13147072.52,38129950.94
2025-09-22 03:00:00,2.9,2.91,2.895,2.906,5156934.36,14971416.45
2025-09-22 04:00:00,2.906,2.909,2.896,2.897,3327965.55,9659908.69
2025-09-22 05:00:00,2.897,2.897,2.851,2.851,6939909.27,19979035.88
2025-09-22 06:00:00,2.851,2.854,2.711,2.827,42122445.18,116906462.28
2025-09-22 07:00:00,2.827,2.83,2.807,2.808,8884346.25,25027669.67
2025-09-22 08:00:00,2.808,2.826,2.801,2.816,6161890.12,17347721.22
2025-09-22 09:00:00,2.816,2.821,2.8,2.803,6555664.0,18435326.53
2025-09-22 10:00:00,2.803,2.821,2.793,2.819,8139119.14,22860707.71
2025-09-22 11:00:00,2.819,2.824,2.814,2.819,6248783.57,17610839.89
2025-09-22 12:00:00,2.819,2.848,2.807,2.848,8424973.58,23790321.05
2025-09-22 13:00:00,2.848,2.861,2.837,2.86,11080107.99,31574361.05
2025-09-22 14:00:00,2.86,2.872,2.853,2.864,10935569.62,31298549.63
2025-09-22 15:00:00,2.864,2.877,2.853,2.862,10459344.24,29957576.02
2025-09-22 16:00:00,2.862,2.873,2.845,2.848,7600625.67,21736093.68
2025-09-22 17:00:00,2.848,2.871,2.847,2.86,7345233.61,20988365.65
2025-09-22 18:00:00,2.86,2.865,2.835,2.835,8066301.56,22986107.32
2025-09-22 19:00:00,2.835,2.84,2.818,2.835,10586976.65,29961514.54
2025-09-22 20:00:00,2.835,2.845,2.816,2.842,7815024.08,22133413.92
2025-09-22 21:00:00,2.842,2.858,2.832,2.857,4871192.18,13851698.85
2025-09-22 22:00:00,2.857,2.858,2.846,2.848,4377174.58,12478890.88
2025-09-22 23:00:00,2.848,2.855,2.846,2.855,4473538.66,12746594.3
2025-09-23 00:00:00,2.855,2.87,2.849,2.853,5483742.23,15681469.25
2025-09-23 01:00:00,2.853,2.856,2.825,2.825,5749095.9,16322213.1
2025-09-23 02:00:00,2.825,2.839,2.809,2.811,5714592.83,16131126.77
2025-09-23 03:00:00,2.811,2.874,2.802,2.862,8956284.47,25490994.31
2025-09-23 04:00:00,2.862,2.868,2.838,2.859,5321205.8,15172221.32
2025-09-23 05:00:00,2.859,2.877,2.854,2.868,5866962.48,16834741.12
2025-09-23 06:00:00,2.868,2.883,2.861,2.875,6700780.54,19251188.96
2025-09-23 07:00:00,2.875,2.887,2.866,2.867,5586765.13,16056848.6
2025-09-23 08:00:00,2.867,2.872,2.858,2.868,4051112.38,11605147.06
2025-09-23 09:00:00,2.868,2.876,2.851,2.86,4769460.63,13648934.16
2025-09-23 10:00:00,2.86,2.871,2.858,2.866,3307145.76,9471744.89
2025-09-23 11:00:00,2.866,2.87,2.859,2.861,3530534.94,10110479.24
2025-09-23 12:00:00,2.861,2.874,2.855,2.867,5116988.13,14657194.04
2025-09-23 13:00:00,2.867,2.87,2.856,2.862,5983809.51,17131284.52
2025-09-23 14:00:00,2.862,2.881,2.857,2.866,6973826.92,19993685.44
2025-09-23 15:00:00,2.866,2.886,2.861,2.879,6349151.35,18266038.64
2025-09-23 16:00:00,2.879,2.898,2.866,2.888,7666591.6,22093499.98
2025-09-23 17:00:00,2.888,2.889,2.846,2.849,9772200.49,28007476.77
2025-09-23 18:00:00,2.849,2.856,2.839,2.847,7470127.9,21276751.46
2025-09-23 19:00:00,2.847,2.872,2.847,2.855,6877868.47,19671695.94
2025-09-23 20:00:00,2.855,2.861,2.84,2.856,8196259.79,23365494.79
2025-09-23 21:00:00,2.856,2.858,2.836,2.848,5791753.48,16492309.23
2025-09-23 22:00:00,2.848,2.849,2.834,2.836,5684544.55,16151891.91
2025-09-23 23:00:00,2.836,2.837,2.818,2.825,7304201.97,20655301.09
2025-09-24 00:00:00,2.825,2.843,2.822,2.829,5775886.09,16360485.28
2025-09-24 01:00:00,2.829,2.844,2.825,2.842,3818913.23,10832296.69
2025-09-24 02:00:00,2.842,2.842,2.82,2.83,6382785.98,18049352.69
2025-09-24 03:00:00,2.83,2.836,2.807,2.815,5216171.81,14697874.7
2025-09-24 04:00:00,2.815,2.85,2.79,2.841,10684221.94,30110928.6
2025-09-24 05:00:00,2.841,2.862,2.839,2.859,5190460.22,14794234.16
2025-09-24 06:00:00,2.859,2.87,2.852,2.857,6424124.54,18362015.7
2025-09-24 07:00:00,2.857,2.878,2.856,2.875,4968822.42,14249360.95
2025-09-24 08:00:00,2.875,2.88,2.869,2.876,3989327.47,11467474.65
2025-09-24 09:00:00,2.876,2.88,2.871,2.875,2628941.86,7559605.87
2025-09-24 10:00:00,2.875,2.877,2.869,2.874,3125908.42,8980421.91
2025-09-24 11:00:00,2.874,2.885,2.873,2.881,4439337.08,12787621.55
2025-09-24 12:00:00,2.881,2.888,2.877,2.878,4442638.64,12809212.33
2025-09-24 13:00:00,2.878,2.888,2.874,2.878,5172252.79,14893616.53
2025-09-24 14:00:00,2.878,2.927,2.878,2.921,8536831.54,24785574.39
2025-09-24 15:00:00,2.921,2.952,2.91,2.941,10490688.6,30734878.01
2025-09-24 16:00:00,2.941,2.954,2.93,2.948,8127051.22,23918687.14
2025-09-24 17:00:00,2.948,2.957,2.936,2.945,7433840.73,21899231.71
2025-09-24 18:00:00,2.945,2.957,2.942,2.953,5821482.69,17174632.38
2025-09-24 19:00:00,2.953,2.997,2.949,2.978,14086036.85,41788872.03
2025-09-24 20:00:00,2.978,2.98,2.953,2.969,9014947.98,26750492.56
2025-09-24 21:00:00,2.969,2.977,2.942,2.945,5982129.03,17717428.57
2025-09-24 22:00:00,2.945,2.961,2.937,2.943,9476773.57,27933522.46
2025-09-24 23:00:00,2.943,2.949,2.924,2.926,7522908.18,22062115.77
2025-09-25 00:00:00,2.926,2.945,2.912,2.915,9176493.5,26863048.43
2025-09-25 01:00:00,2.915,2.92,2.891,2.897,9231910.95,26810674.16
2025-09-25 02:00:00,2.897,2.918,2.889,2.905,5704689.03,16560427.92
2025-09-25 03:00:00,2.905,2.905,2.87,2.874,6366469.41,18346138.33
2025-09-25 04:00:00,2.874,2.879,2.833,2.845,11056038.5,31512943.82
2025-09-25 05:00:00,2.845,2.867,2.836,2.866,6295658.82,17977250.28
2025-09-25 06:00:00,2.866,2.866,2.845,2.847,5464782.02,15591270.66
2025-09-25 07:00:00,2.847,2.859,2.84,2.843,4566379.23,13011993.54
2025-09-25 08:00:00,2.843,2.855,2.827,2.833,7169605.66,20372407.23
2025-09-25 09:00:00,2.833,2.848,2.826,2.829,8674318.88,24616381.35
2025-09-25 10:00:00,2.829,2.839,2.819,2.819,5037604.49,14248358.65
2025-09-25 11:00:00,2.819,2.824,2.809,2.817,8535957.09,24027101.09
2025-09-25 12:00:00,2.817,2.842,2.793,2.829,16211200.15,45695524.27
2025-09-25 13:00:00,2.829,2.858,2.808,2.828,18204681.11,51577797.25
2025-09-25 14:00:00,2.828,2.862,2.828,2.841,10293670.69,29328739.82
2025-09-25 15:00:00,2.841,2.842,2.822,2.833,8125927.09,23008838.57
2025-09-25 16:00:00,2.833,2.839,2.789,2.793,12607754.16,35399911.38
2025-09-25 17:00:00,2.793,2.795,2.726,2.738,26860222.42,74176647.0
2025-09-25 18:00:00,2.738,2.802,2.735,2.801,20460909.07,56601961.96
2025-09-25 19:00:00,2.801,2.814,2.749,2.761,12604540.97,35092899.13
2025-09-25 20:00:00,2.761,2.772,2.747,2.749,9873485.84,27247472.62
2025-09-25 21:00:00,2.749,2.766,2.735,2.758,9121260.05,25100165.14
2025-09-25 22:00:00,2.758,2.769,2.746,2.756,9336241.74,25745192.68
2025-09-25 23:00:00,2.756,2.766,2.734,2.745,9376189.67,25770473.75
2025-09-26 00:00:00,2.745,2.774,2.74,2.77,7616554.76,20989580.76
2025-09-26 01:00:00,2.77,2.778,2.759,2.769,11838408.36,32773500.73
2025-09-26 02:00:00,2.769,2.78,2.751,2.76,7101193.4,19616334.61
2025-09-26 03:00:00,2.76,2.765,2.745,2.763,6150061.16,16940531.73
2025-09-26 04:00:00,2.763,2.767,2.755,2.765,3988118.68,11012473.85
2025-09-26 05:00:00,2.765,2.777,2.752,2.754,6092005.01,16853376.67
2025-09-26 06:00:00,2.754,2.773,2.74,2.757,9377264.47,25869412.85
2025-09-26 07:00:00,2.757,2.769,2.741,2.757,9662031.62,26589723.4
2025-09-26 08:00:00,2.757,2.77,2.757,2.761,5780193.11,15978396.51
2025-09-26 09:00:00,2.761,2.769,2.743,2.751,6563276.37,18083341.63
2025-09-26 10:00:00,2.751,2.751,2.712,2.712,12093284.54,32976522.84
2025-09-26 11:00:00,2.712,2.735,2.7,2.73,12455600.62,33781647.5
2025-09-26 12:00:00,2.73,2.778,2.708,2.756,14603542.57,40088706.95
2025-09-26 13:00:00,2.756,2.769,2.735,2.763,14292517.31,39329191.15
2025-09-26 14:00:00,2.763,2.765,2.701,2.708,30947860.87,84251506.17
2025-09-26 15:00:00,2.708,2.75,2.707,2.737,9655524.73,26386757.16
2025-09-26 16:00:00,2.737,2.768,2.733,2.765,8917293.48,24552927.04
2025-09-26 17:00:00,2.765,2.799,2.765,2.795,13424605.59,37389002.95
2025-09-26 18:00:00,2.795,2.811,2.793,2.805,8441825.89,23662826.3
2025-09-26 19:00:00,2.805,2.808,2.774,2.795,13531640.08,37752123.05
2025-09-26 20:00:00,2.795,2.8,2.779,2.78,8217639.58,22913387.38
2025-09-26 21:00:00,2.78,2.79,2.772,2.788,6028824.94,16769860.87
2025-09-26 22:00:00,2.788,2.795,2.783,2.784,5506427.0,15354904.59
2025-09-26 23:00:00,2.784,2.79,2.777,2.785,4504100.14,12537201.16
2025-09-27 00:00:00,2.785,2.785,2.774,2.782,4784489.77,13297248.53
2025-09-27 01:00:00,2.782,2.784,2.769,2.774,3428724.21,9515842.45
2025-09-27 02:00:00,2.774,2.786,2.772,2.779,2659881.21,7387054.21
2025-09-27 03:00:00,2.779,2.792,2.778,2.785,3911149.63,10902049.05
2025-09-27 04:00:00,2.785,2.791,2.781,2.785,3613356.83,10067191.75
2025-09-27 05:00:00,2.785,2.793,2.777,2.791,2201971.89,6131348.23
2025-09-27 06:00:00,2.791,2.798,2.788,2.798,1916319.24,5350453.71
2025-09-27 07:00:00,2.798,2.803,2.781,2.783,3005981.39,8387306.12
2025-09-27 08:00:00,2.783,2.783,2.77,2.771,4579706.84,12710297.94
2025-09-27 09:00:00,2.771,2.785,2.763,2.783,3833292.0,10634197.52
2025-09-27 10:00:00,2.783,2.795,2.78,2.79,2434896.12,6788795.92
2025-09-27 11:00:00,2.79,2.79,2.777,2.779,1588091.03,4420019.81
2025-09-27 12:00:00,2.779,2.791,2.775,2.786,2687338.66,7478032.15
2025-09-27 13:00:00,2.786,2.789,2.782,2.783,2174695.56,6056897.41
2025-09-27 14:00:00,2.783,2.788,2.782,2.784,2343815.89,6525152.92
2025-09-27 15:00:00,2.784,2.787,2.774,2.786,2821367.21,7844490.12
2025-09-27 16:00:00,2.786,2.787,2.776,2.778,3784066.29,10529702.21
2025-09-27 17:00:00,2.778,2.786,2.764,2.785,3502011.12,9718583.02
2025-09-27 18:00:00,2.785,2.792,2.784,2.792,2346248.67,6542059.65
2025-09-27 19:00:00,2.792,2.796,2.789,2.791,2429711.58,6784542.45
2025-09-27 20:00:00,2.791,2.8,2.789,2.799,2294602.88,6414450.84
2025-09-27 21:00:00,2.799,2.8,2.789,2.799,2002756.0,5597458.46
2025-09-27 22:00:00,2.799,2.83,2.799,2.821,9617287.13,27086893.15
2025-09-27 23:00:00,2.821,2.828,2.805,2.806,4142982.75,11656899.37
2025-09-28 00:00:00,2.806,2.816,2.794,2.802,7181546.34,20131738.02
2025-09-28 01:00:00,2.802,2.804,2.787,2.79,4253339.51,11890173.71
2025-09-28 02:00:00,2.79,2.796,2.782,2.789,3265628.11,9109382.38
2025-09-28 03:00:00,2.789,2.793,2.779,2.785,2192776.41,6107478.47
2025-09-28 04:00:00,2.785,2.791,2.781,2.79,1618156.72,4508175.59
2025-09-28 05:00:00,2.79,2.796,2.782,2.783,1789491.41,4988775.61
2025-09-28 06:00:00,2.783,2.791,2.777,2.791,2318032.2,6451374.51
2025-09-28 07:00:00,2.791,2.792,2.784,2.789,1473651.7,4108519.91
2025-09-28 08:00:00,2.789,2.796,2.783,2.789,2167879.81,6048887.66
2025-09-28 09:00:00,2.789,2.792,2.775,2.779,2721208.16,7573930.98
2025-09-28 10:00:00,2.779,2.787,2.772,2.782,2183442.64,6068494.38
2025-09-28 11:00:00,2.782,2.782,2.773,2.777,2444693.09,6787744.03
2025-09-28 12:00:00,2.777,2.778,2.767,2.771,3544705.76,9825827.32
2025-09-28 13:00:00,2.771,2.791,2.768,2.787,3752090.78,10433293.42
2025-09-28 14:00:00,2.787,2.798,2.78,2.797,3159401.44,8810022.04
2025-09-28 15:00:00,2.797,2.815,2.794,2.812,4301437.28,12072648.32
2025-09-28 16:00:00,2.812,2.834,2.806,2.832,5918020.81,16653391.53
2025-09-28 17:00:00,2.832,2.835,2.821,2.824,6270421.97,17735216.35
2025-09-28 18:00:00,2.824,2.832,2.817,2.832,3270079.42,9231520.78
2025-09-28 19:00:00,2.832,2.834,2.823,2.829,2348081.03,6642562.85
2025-09-28 20:00:00,2.829,2.847,2.827,2.844,4225657.71,11994419.91
2025-09-28 21:00:00,2.844,2.852,2.835,2.841,5473002.32,15563523.65
2025-09-28 22:00:00,2.841,2.865,2.84,2.859,7955054.26,22718099.66
2025-09-28 23:00:00,2.859,2.869,2.859,2.869,3534544.4,10124132.63
2025-09-29 00:00:00,2.869,2.869,2.855,2.864,4403980.8,12595313.96
2025-09-29 01:00:00,2.864,2.868,2.857,2.858,5042352.01,14441391.9
2025-09-29 02:00:00,2.858,2.886,2.849,2.876,8726700.03,25060350.53
2025-09-29 03:00:00,2.876,2.877,2.858,2.864,4748015.24,13594414.48
2025-09-29 04:00:00,2.864,2.866,2.853,2.861,3344307.54,9562505.91
2025-09-29 05:00:00,2.861,2.863,2.852,2.86,3110247.76,8884018.89
2025-09-29 06:00:00,2.86,2.871,2.847,2.869,3698133.21,10571358.38
2025-09-29 07:00:00,2.869,2.906,2.866,2.888,6804176.38,19657631.37
2025-09-29 08:00:00,2.888,2.893,2.883,2.885,3433050.11,9916105.79
2025-09-29 09:00:00,2.885,2.885,2.869,2.871,3164277.35,9101460.82
2025-09-29 10:00:00,2.871,2.871,2.858,2.862,3466319.41,9927432.45
2025-09-29 11:00:00,2.862,2.866,2.854,2.856,3668763.45,10492138.23
2025-09-29 12:00:00,2.856,2.87,2.848,2.851,5711520.27,16313685.08
2025-09-29 13:00:00,2.851,2.887,2.847,2.882,9821025.69,28180168.68
2025-09-29 14:00:00,2.882,2.93,2.88,2.91,13657040.51,39680956.47
2025-09-29 15:00:00,2.91,2.914,2.885,2.896,8355493.37,24200000.17
2025-09-29 16:00:00,2.896,2.902,2.878,2.881,8149764.65,23567336.85
2025-09-29 17:00:00,2.881,2.888,2.867,2.884,7652548.14,22034384.81
2025-09-29 18:00:00,2.884,2.884,2.868,2.877,4438112.84,12759312.91
2025-09-29 19:00:00,2.877,2.905,2.874,2.899,7355805.93,21252122.43
2025-09-29 20:00:00,2.899,2.916,2.891,2.907,8302902.84,24117667.49
2025-09-29 21:00:00,2.907,2.91,2.892,2.895,6028756.7,17484412.81
2025-09-29 22:00:00,2.895,2.898,2.885,2.889,6014691.74,17379995.71
2025-09-29 23:00:00,2.889,2.892,2.88,2.881,5356000.43,15454322.26
2025-09-30 00:00:00,2.881,2.892,2.875,2.876,6520460.65,18789211.68
2025-09-30 01:00:00,2.876,2.894,2.87,2.883,5450171.93,15695022.57
2025-09-30 02:00:00,2.883,2.891,2.877,2.883,3036031.7,8756181.1
2025-09-30 03:00:00,2.883,2.887,2.875,2.878,2694117.96,7756907.71
2025-09-30 04:00:00,2.878,2.884,2.876,2.883,2778126.43,8000013.61
2025-09-30 05:00:00,2.883,2.904,2.881,2.896,4499373.25,13017110.31
2025-09-30 06:00:00,2.896,2.909,2.89,2.9,3442523.36,9986265.5
2025-09-30 07:00:00,2.9,2.902,2.873,2.876,4339389.88,12529474.3
2025-09-30 08:00:00,2.876,2.877,2.854,2.857,4467091.1,12805107.61
2025-09-30 09:00:00,2.857,2.861,2.839,2.84,5722402.79,16311346.73
2025-09-30 10:00:00,2.84,2.85,2.837,2.842,5485377.91,15600136.75
2025-09-30 11:00:00,2.842,2.852,2.836,2.848,3585649.05,10198092.77
2025-09-30 12:00:00,2.848,2.858,2.846,2.851,3587690.15,10234702.85
2025-09-30 13:00:00,2.851,2.864,2.841,2.847,6650038.25,18962982.19
2025-09-30 14:00:00,2.847,2.851,2.832,2.849,6921844.89,19671741.65
2025-09-30 15:00:00,2.849,2.849,2.814,2.829,8417338.5,23799113.01
2025-09-30 16:00:00,2.829,2.839,2.818,2.825,5440559.73,15385793.59
2025-09-30 17:00:00,2.825,2.841,2.818,2.828,7652071.17,21637580.73
2025-09-30 18:00:00,2.828,2.843,2.822,2.84,7684215.44,21781356.56
2025-09-30 19:00:00,2.84,2.871,2.839,2.865,10421194.67,29783281.93
2025-09-30 20:00:00,2.865,2.874,2.859,2.873,7524588.65,21563839.74
2025-09-30 21:00:00,2.873,2.88,2.852,2.853,7676234.33,21984238.84
2025-09-30 22:00:00,2.853,2.865,2.839,2.842,6683432.32,19064285.9
2025-09-30 23:00:00,2.842,2.848,2.834,2.847,5210873.93,14800867.16
2025-10-01 00:00:00,2.847,2.852,2.828,2.838,4631263.57,13148231.58
2025-10-01 01:00:00,2.838,2.86,2.836,2.859,5214540.5,14841879.73
2025-10-01 02:00:00,2.859,2.859,2.841,2.842,3524621.98,10037810.45
2025-10-01 03:00:00,2.842,2.843,2.815,2.82,4955817.62,14015162.8
2025-10-01 04:00:00,2.82,2.846,2.817,2.837,5007118.88,14204411.65
2025-10-01 05:00:00,2.837,2.855,2.836,2.847,4392396.24,12502213.27
2025-10-01 06:00:00,2.847,2.851,2.832,2.833,4559205.04,12955476.3
2025-10-01 07:00:00,2.833,2.858,2.832,2.855,4201441.76,11961172.54
2025-10-01 08:00:00,2.855,2.922,2.853,2.918,12391700.8,35864712.49
2025-10-01 09:00:00,2.918,2.953,2.908,2.942,12130429.77,35536338.98
2025-10-01 10:00:00,2.942,2.943,2.92,2.931,6272966.61,18392587.05
2025-10-01 11:00:00,2.931,2.947,2.931,2.945,4764447.95,14009953.82
2025-10-01 12:00:00,2.945,2.946,2.929,2.937,10041777.71,29499031.4
2025-10-01 13:00:00,2.937,2.956,2.935,2.939,9734621.22,28676779.86
2025-10-01 14:00:00,2.939,2.96,2.933,2.945,10931875.47,32219227.82
2025-10-01 15:00:00,2.945,2.948,2.935,2.944,7001237.99,20599353.78
2025-10-01 16:00:00,2.944,2.951,2.937,2.94,8213853.48,24177689.03
2025-10-01 17:00:00,2.94,2.946,2.921,2.922,7653563.35,22468551.65
2025-10-01 18:00:00,2.922,2.944,2.922,2.938,5434190.07,15939324.65
2025-10-01 19:00:00,2.938,2.963,2.937,2.956,7339712.91,21664054.95
2025-10-01 20:00:00,2.956,2.957,2.94,2.949,5686092.35,16763476.41
2025-10-01 21:00:00,2.949,2.949,2.927,2.929,5870322.82,17232883.66
2025-10-01 22:00:00,2.929,2.941,2.929,2.931,5643765.46,16553547.43
2025-10-01 23:00:00,2.931,2.952,2.93,2.949,6132121.48,18038207.56
2025-10-02 00:00:00,2.949,2.963,2.942,2.945,7130003.92,21050277.35
2025-10-02 01:00:00,2.945,2.977,2.943,2.971,6911822.41,20477085.47
2025-10-02 02:00:00,2.971,2.982,2.962,2.978,7944959.09,23611310.25
2025-10-02 03:00:00,2.978,2.989,2.968,2.974,5193261.42,15476704.28
2025-10-02 04:00:00,2.974,2.981,2.956,2.969,5151446.21,15281995.55
2025-10-02 05:00:00,2.969,2.982,2.96,2.967,7612862.1,22615242.56
2025-10-02 06:00:00,2.967,2.984,2.965,2.981,5112152.36,15207166.13
2025-10-02 07:00:00,2.981,2.987,2.968,2.971,3788601.55,11287829.04
2025-10-02 08:00:00,2.971,2.992,2.969,2.991,5930305.25,17695026.13
2025-10-02 09:00:00,2.991,2.994,2.978,2.985,3681360.29,10991858.8
2025-10-02 10:00:00,2.985,2.995,2.981,2.991,3778178.18,11288505.32
2025-10-02 11:00:00,2.991,2.998,2.971,2.974,5283804.82,15790671.66
2025-10-02 12:00:00,2.974,2.99,2.971,2.989,5019235.2,14968407.16
2025-10-02 13:00:00,2.989,2.991,2.965,2.988,10251886.53,30539433.51
2025-10-02 14:00:00,2.988,2.996,2.948,2.959,16208468.18,48204305.13
2025-10-02 15:00:00,2.959,2.996,2.948,2.994,10855274.2,32288590.72
2025-10-02 16:00:00,2.994,3.06,2.989,3.047,27912109.77,84468092.75
2025-10-02 17:00:00,3.047,3.057,3.033,3.037,11644509.04,35444552.37
2025-10-02 18:00:00,3.037,3.066,3.037,3.064,13803192.66,42115049.63
2025-10-02 19:00:00,3.064,3.103,3.061,3.092,21779016.16,67235826.52
2025-10-02 20:00:00,3.092,3.093,3.054,3.06,14740049.9,45231212.74
2025-10-02 21:00:00,3.06,3.067,3.038,3.041,9305411.96,28389737.89
2025-10-02 22:00:00,3.041,3.05,3.028,3.033,8577467.64,26066306.12
2025-10-02 23:00:00,3.033,3.043,3.028,3.04,6970265.52,21164913.95
2025-10-03 00:00:00,3.04,3.041,3.015,3.021,7392329.09,22367844.6
2025-10-03 01:00:00,3.021,3.027,3.007,3.008,6218736.81,18748351.62
2025-10-03 02:00:00,3.008,3.027,3.006,3.024,5395194.42,16277346.25
2025-10-03 03:00:00,3.024,3.041,3.021,3.023,5528532.54,16761633.74
2025-10-03 04:00:00,3.023,3.034,3.019,3.031,4385664.28,13271147.88
2025-10-03 05:00:00,3.031,3.033,3.017,3.023,3170477.08,9586024.51
2025-10-03 06:00:00,3.023,3.036,3.015,3.025,4115091.78,12452989.43
2025-10-03 07:00:00,3.025,3.037,3.021,3.036,4824356.09,14611368.64
2025-10-03 08:00:00,3.036,3.061,3.026,3.056,7529206.88,22941720.45
2025-10-03 09:00:00,3.056,3.057,3.038,3.043,5018872.94,15292917.02
2025-10-03 10:00:00,3.043,3.052,3.042,3.048,6728196.82,20499153.6
2025-10-03 11:00:00,3.048,3.05,3.033,3.04,4650139.95,14147114.58
2025-10-03 12:00:00,3.04,3.043,3.024,3.026,6017507.44,18262075.08
2025-10-03 13:00:00,3.026,3.035,3.012,3.029,8699948.98,26314326.84
2025-10-03 14:00:00,3.029,3.05,3.011,3.046,9164640.91,27774956.25
2025-10-03 15:00:00,3.046,3.076,3.029,3.072,12809399.13,39094989.99
2025-10-03 16:00:00,3.072,3.097,3.061,3.064,15988782.79,49327969.41
2025-10-03 17:00:00,3.064,3.064,3.018,3.031,19162828.64,58278792.89
2025-10-03 18:00:00,3.031,3.054,3.022,3.048,9147254.49,27801047.98
2025-10-03 19:00:00,3.048,3.057,3.035,3.037,9086054.83,27679912.98
2025-10-03 20:00:00,3.037,3.042,3.023,3.04,9172446.13,27821923.06
2025-10-03 21:00:00,3.04,3.057,3.04,3.049,6621802.18,20199751.52
2025-10-03 22:00:00,3.049,3.056,3.047,3.049,5708592.84,17418148.18
2025-10-03 23:00:00,3.049,3.052,3.039,3.042,4215211.24,12837726.67
2025-10-04 00:00:00,3.042,3.054,3.04,3.045,5902568.76,17982364.1
2025-10-04 01:00:00,3.045,3.047,3.022,3.026,4734236.09,14357062.22
2025-10-04 02:00:00,3.026,3.035,3.019,3.022,4416658.19,13357835.62
2025-10-04 03:00:00,3.022,3.027,3.01,3.026,5885938.07,17766817.62
2025-10-04 04:00:00,3.026,3.029,3.017,3.02,3922659.43,11860481.5
2025-10-04 05:00:00,3.02,3.031,3.019,3.026,3637425.09,11000977.49
2025-10-04 06:00:00,3.026,3.032,3.025,3.029,3472371.82,10517804.22
2025-10-04 07:00:00,3.029,3.033,3.019,3.02,2347781.72,7105318.29
2025-10-04 08:00:00,3.02,3.023,2.996,3.002,6735908.01,20248607.9
2025-10-04 09:00:00,3.002,3.009,2.997,2.998,2370706.69,7120927.52
2025-10-04 10:00:00,2.998,3.006,2.985,2.989,4155898.62,12445502.12
2025-10-04 11:00:00,2.989,2.995,2.984,2.992,3258304.28,9741460.55
2025-10-04 12:00:00,2.992,2.996,2.985,2.986,3981901.14,11910044.2
2025-10-04 13:00:00,2.986,3.008,2.985,2.994,8052419.64,24166631.34
2025-10-04 14:00:00,2.994,3.0,2.967,2.968,9181359.7,27395254.27
2025-10-04 15:00:00,2.968,2.974,2.942,2.951,14590960.95,43125530.5
2025-10-04 16:00:00,2.951,2.956,2.94,2.947,8729835.91,25739466.87
2025-10-04 17:00:00,2.947,2.958,2.944,2.949,4672299.12,13785220.18
2025-10-04 18:00:00,2.949,2.95,2.942,2.945,4168997.42,12278143.44
2025-10-04 19:00:00,2.945,2.953,2.944,2.951,4933520.91,14540238.29
2025-10-04 20:00:00,2.951,2.959,2.948,2.948,5594244.56,16509491.79
2025-10-04 21:00:00,2.948,2.967,2.948,2.963,3430746.68,10155041.65
2025-10-04 22:00:00,2.963,2.972,2.956,2.97,2935513.53,8705649.91
2025-10-04 23:00:00,2.97,2.974,2.964,2.97,2671051.81,7929182.32
2025-10-05 00:00:00,2.97,2.975,2.957,2.958,2716886.29,8060754.74
2025-10-05 01:00:00,2.958,2.971,2.958,2.965,3585301.44,10630978.26
2025-10-05 02:00:00,2.965,3.008,2.962,3.006,9539552.08,28533988.81
2025-10-05 03:00:00,3.006,3.028,3.004,3.009,8985392.75,27089047.05
2025-10-05 04:00:00,3.009,3.045,3.007,3.035,11498957.76,34800527.57
2025-10-05 05:00:00,3.035,3.043,3.027,3.036,6448884.23,19558740.39
2025-10-05 06:00:00,3.036,3.04,3.028,3.034,3645023.08,11063628.5
2025-10-05 07:00:00,3.034,3.067,3.034,3.064,6531977.43,19934312.78
2025-10-05 08:00:00,3.064,3.072,3.047,3.048,5491247.49,16794116.69
2025-10-05 09:00:00,3.048,3.052,3.018,3.024,5366578.8,16284984.0
2025-10-05 10:00:00,3.024,3.025,3.002,3.016,7657851.13,23070882.21
2025-10-05 11:00:00,3.016,3.024,3.007,3.022,5041720.63,15198726.8
2025-10-05 12:00:00,3.022,3.022,3.006,3.007,3766113.51,11343767.43
2025-10-05 13:00:00,3.007,3.014,2.998,3.005,4821133.23,14493067.51
2025-10-05 14:00:00,3.005,3.011,2.986,2.996,5510274.78,16529035.71
2025-10-05 15:00:00,2.996,3.016,2.994,3.013,3192944.51,9593360.39
2025-10-05 16:00:00,3.013,3.016,2.983,3.003,5282511.93,15857529.12
2025-10-05 17:00:00,3.003,3.009,2.982,2.989,3650222.09,10935835.36
2025-10-05 18:00:00,2.989,2.991,2.97,2.976,5356131.44,15951166.06
2025-10-05 19:00:00,2.976,2.976,2.949,2.954,7165260.58,21200295.17
2025-10-05 20:00:00,2.954,2.975,2.948,2.971,4723080.81,13987771.39
2025-10-05 21:00:00,2.971,2.981,2.964,2.977,2771572.32,8243776.0
2025-10-05 22:00:00,2.977,2.986,2.959,2.968,5555285.42,16479648.43
2025-10-05 23:00:00,2.968,2.979,2.965,2.97,3450759.23,10255382.93
2025-10-06 00:00:00,2.97,2.993,2.957,2.964,6499187.64,19324011.1
2025-10-06 01:00:00,2.964,2.988,2.957,2.98,5763228.44,17161959.11
2025-10-06 02:00:00,2.98,2.993,2.963,2.983,4695469.11,13979837.16
2025-10-06 03:00:00,2.983,2.985,2.976,2.98,2670580.75,7958438.59
2025-10-06 04:00:00,2.98,2.983,2.968,2.969,3211102.45,9553051.13
2025-10-06 05:00:00,2.969,2.977,2.964,2.975,2874922.04,8538742.83
2025-10-06 06:00:00,2.975,3.0,2.974,2.991,4021990.34,12027242.17
2025-10-06 07:00:00,2.991,2.998,2.967,2.975,3669663.06,10952495.23
2025-10-06 08:00:00,2.975,2.993,2.975,2.989,4234498.07,12643749.87
2025-10-06 09:00:00,2.989,2.996,2.988,2.993,4143963.36,12401099.75
2025-10-06 10:00:00,2.993,2.998,2.987,2.995,3693254.5,11054746.95
2025-10-06 11:00:00,2.995,3.01,2.988,2.997,4588696.13,13763358.11
2025-10-06 12:00:00,2.997,3.011,2.997,3.002,4704717.02,14135408.99
2025-10-06 13:00:00,3.002,3.011,2.991,3.01,9232667.62,27694380.76
2025-10-06 14:00:00,3.01,3.023,2.986,2.989,16380088.89,49225821.88
2025-10-06 15:00:00,2.989,3.04,2.988,3.033,14679256.43,44434381.5
2025-10-06 16:00:00,3.033,3.042,3.023,3.034,6873151.25,20831843.48
2025-10-06 17:00:00,3.034,3.049,3.03,3.038,7528663.64,22885645.83
2025-10-06 18:00:00,3.038,3.05,3.035,3.047,6321824.83,19221929.14
2025-10-06 19:00:00,3.047,3.052,3.025,3.026,8768444.71,26626048.2
2025-10-06 20:00:00,3.026,3.035,3.008,3.01,9061217.48,27345638.84
2025-10-06 21:00:00,3.01,3.016,2.998,3.007,8410567.67,25284823.89
2025-10-06 22:00:00,3.007,3.013,2.993,3.002,9494156.88,28505470.23
2025-10-06 23:00:00,3.002,3.003,2.988,2.989,5899794.14,17663005.25
2025-10-07 00:00:00,2.989,2.995,2.982,2.995,6010994.37,17967026.15
2025-10-07 01:00:00,2.995,3.002,2.979,2.99,4236045.26,12664094.82
2025-10-07 02:00:00,2.99,2.996,2.98,2.987,3773473.48,11275076.38
2025-10-07 03:00:00,2.987,2.991,2.978,2.987,2733445.05,8158362.43
2025-10-07 04:00:00,2.987,2.997,2.977,2.994,3377708.51,10091947.09
2025-10-07 05:00:00,2.994,3.003,2.989,2.993,3283275.23,9833986.58
2025-10-07 06:00:00,2.993,2.993,2.968,2.97,6220614.11,18509368.85
2025-10-07 07:00:00,2.97,2.976,2.964,2.974,3757114.04,11156916.66
2025-10-07 08:00:00,2.974,2.974,2.958,2.966,5407834.22,16032177.86
2025-10-07 09:00:00,2.966,2.976,2.966,2.975,3808388.55,11323583.68
2025-10-07 10:00:00,2.975,2.983,2.971,2.979,3170969.47,9441707.36
2025-10-07 11:00:00,2.979,2.982,2.971,2.973,2948883.8,8777590.56
2025-10-07 12:00:00,2.973,2.994,2.97,2.988,5122943.31,15262589.91
2025-10-07 13:00:00,2.988,2.993,2.941,2.956,13500446.86,39997549.28
2025-10-07 14:00:00,2.956,2.959,2.906,2.912,17906304.28,52368465.96
2025-10-07 15:00:00,2.912,2.919,2.873,2.886,18991138.35,54930133.79
2025-10-07 16:00:00,2.886,2.905,2.874,2.891,11056066.89,31930711.88
2025-10-07 17:00:00,2.891,2.896,2.879,2.879,5905555.49,17047618.88
2025-10-07 18:00:00,2.879,2.883,2.861,2.861,10130453.61,29091469.73
2025-10-07 19:00:00,2.861,2.873,2.85,2.858,12564377.19,35983985.54
2025-10-07 20:00:00,2.858,2.883,2.856,2.874,9937892.75,28555694.67
2025-10-07 21:00:00,2.874,2.883,2.868,2.874,5982493.16,17199006.16
2025-10-07 22:00:00,2.874,2.878,2.864,2.868,4785391.63,13736349.09
2025-10-07 23:00:00,2.868,2.869,2.852,2.853,7257295.84,20748585.73
2025-10-08 00:00:00,2.853,2.878,2.853,2.872,6571337.83,18859600.23
2025-10-08 01:00:00,2.872,2.877,2.866,2.874,3877246.08,11136628.68
2025-10-08 02:00:00,2.874,2.881,2.869,2.871,5395503.96,15510125.47
2025-10-08 03:00:00,2.871,2.871,2.841,2.848,6874905.35,19608234.85
2025-10-08 04:00:00,2.848,2.866,2.832,2.864,4592401.4,13104831.7
2025-10-08 05:00:00,2.864,2.864,2.847,2.857,4297298.57,12269707.9
2025-10-08 06:00:00,2.857,2.865,2.844,2.863,6277798.07,17924158.78
2025-10-08 07:00:00,2.863,2.864,2.85,2.859,3539030.11,10107890.92
2025-10-08 08:00:00,2.859,2.878,2.858,2.87,4535109.69,13006748.29
2025-10-08 09:00:00,2.87,2.874,2.864,2.871,2631421.93,7548488.26
2025-10-08 10:00:00,2.871,2.88,2.868,2.879,3199012.54,9195225.59
2025-10-08 11:00:00,2.879,2.882,2.873,2.878,3810707.32,10966627.05
2025-10-08 12:00:00,2.878,2.884,2.872,2.876,4050425.11,11652522.45
2025-10-08 13:00:00,2.876,2.881,2.853,2.874,6774206.6,19442380.57
2025-10-08 14:00:00,2.874,2.895,2.858,2.863,9796382.07,28176834.63
2025-10-08 15:00:00,2.863,2.874,2.861,2.867,7656904.42,21953455.37
2025-10-08 16:00:00,2.867,2.885,2.864,2.885,6789530.63,19510698.8
2025-10-08 17:00:00,2.885,2.926,2.883,2.922,8898039.03,25902350.23
2025-10-08 18:00:00,2.922,2.924,2.904,2.909,8090563.38,23563542.3
2025-10-08 19:00:00,2.909,2.914,2.898,2.91,7235072.94,21022348.9
2025-10-08 20:00:00,2.91,2.912,2.892,2.893,6189709.6,17976827.93
2025-10-08 21:00:00,2.893,2.904,2.893,2.897,5489629.07,15914354.03
2025-10-08 22:00:00,2.897,2.902,2.895,2.895,5938931.96,17214923.72
2025-10-08 23:00:00,2.895,2.896,2.877,2.88,6456899.31,18643484.69
2025-10-09 00:00:00,2.88,2.881,2.865,2.867,5205648.29,14944469.11
2025-10-09 01:00:00,2.867,2.868,2.851,2.859,6075043.95,17359161.18
2025-10-09 02:00:00,2.859,2.86,2.826,2.831,7791902.91,22130933.49
2025-10-09 03:00:00,2.831,2.846,2.83,2.845,3972252.67,11282031.15
2025-10-09 04:00:00,2.845,2.85,2.838,2.847,3487882.44,9918683.26
2025-10-09 05:00:00,2.847,2.847,2.827,2.835,3715940.47,10536352.98
2025-10-09 06:00:00,2.835,2.835,2.821,2.825,4417717.72,12497699.62
2025-10-09 07:00:00,2.825,2.831,2.815,2.818,3298409.08,9310407.83
2025-10-09 08:00:00,2.818,2.82,2.786,2.789,12469092.0,34895239.33
2025-10-09 09:00:00,2.789,2.811,2.789,2.81,7239287.5,20293725.19
2025-10-09 10:00:00,2.81,2.82,2.803,2.812,4590906.57,12911759.62
2025-10-09 11:00:00,2.812,2.829,2.812,2.828,4878078.61,13773149.14
2025-10-09 12:00:00,2.828,2.842,2.824,2.832,5251705.42,14871422.06
2025-10-09 13:00:00,2.832,2.836,2.814,2.817,7598676.97,21474265.59
2025-10-09 14:00:00,2.817,2.824,2.792,2.814,11680948.44,32818694.05
2025-10-09 15:00:00,2.814,2.827,2.797,2.804,8205406.95,23069837.18
2025-10-09 16:00:00,2.804,2.811,2.775,2.78,12849168.73,35893297.33
2025-10-09 17:00:00,2.78,2.808,2.777,2.807,9541431.68,26668477.8
2025-10-09 18:00:00,2.807,2.811,2.785,2.787,8249508.11,23077508.93
2025-10-09 19:00:00,2.787,2.804,2.776,2.791,8523520.86,23774170.48
2025-10-09 20:00:00,2.791,2.799,2.785,2.796,6777335.01,18918753.44
2025-10-09 21:00:00,2.796,2.803,2.788,2.799,4801370.34,13430146.2
2025-10-09 22:00:00,2.799,2.818,2.799,2.816,6154648.06,17293169.27
2025-10-09 23:00:00,2.816,2.817,2.803,2.803,4307907.57,12093154.42
2025-10-10 00:00:00,2.803,2.819,2.802,2.812,4501719.99,12656168.46
2025-10-10 01:00:00,2.812,2.819,2.808,2.811,3407646.18,9586572.41
2025-10-10 02:00:00,2.811,2.813,2.794,2.798,4626236.13,12966560.25
2025-10-10 03:00:00,2.798,2.831,2.792,2.814,5357210.65,15090592.09
2025-10-10 04:00:00,2.814,2.825,2.81,2.815,3573560.91,10064080.94
2025-10-10 05:00:00,2.815,2.831,2.806,2.828,3601287.27,10151907.85
2025-10-10 06:00:00,2.828,2.832,2.812,2.817,3021711.79,8530437.97
2025-10-10 07:00:00,2.817,2.819,2.8,2.804,3357743.97,9428754.46
2025-10-10 08:00:00,2.804,2.823,2.8,2.821,2841859.75,7998097.93
2025-10-10 09:00:00,2.821,2.831,2.813,2.815,3344285.44,9439160.58
2025-10-10 10:00:00,2.815,2.822,2.81,2.82,2856362.92,8043303.11
2025-10-10 11:00:00,2.82,2.824,2.817,2.82,2830975.21,7985146.82
2025-10-10 12:00:00,2.82,2.823,2.812,2.82,3402430.81,9586406.11
2025-10-10 13:00:00,2.82,2.838,2.819,2.827,7007281.46,19809296.47
2025-10-10 14:00:00,2.827,2.836,2.796,2.801,9975229.01,28116109.21
2025-10-10 15:00:00,2.801,2.803,2.714,2.743,35499831.32,97713582.78
2025-10-10 16:00:00,2.743,2.766,2.729,2.731,15675594.42,42992894.59
2025-10-10 17:00:00,2.731,2.734,2.712,2.725,14452842.66,39350192.58
2025-10-10 18:00:00,2.725,2.733,2.705,2.709,11662908.88,31695781.34
2025-10-10 19:00:00,2.709,2.713,2.638,2.677,31732884.96,85001887.62
2025-10-10 20:00:00,2.677,2.699,2.438,2.473,43094634.82,112077418.22
2025-10-10 21:00:00,2.473,2.551,1.739,2.46,186339515.85,418414146.49
2025-10-10 22:00:00,2.46,2.46,2.191,2.359,104665585.03,243615703.1
2025-10-10 23:00:00,2.359,2.453,2.327,2.374,52836888.62,125980450.09
2025-10-11 00:00:00,2.374,2.421,2.28,2.392,33586149.38,79308159.93
2025-10-11 01:00:00,2.392,2.393,2.31,2.337,24481647.52,57530937.51
2025-10-11 02:00:00,2.337,2.458,2.334,2.44,21902031.2,52882428.98
2025-10-11 03:00:00,2.44,2.446,2.363,2.4,23062189.25,55161006.14
2025-10-11 04:00:00,2.4,2.452,2.397,2.446,19625066.08,47531046.03
2025-10-11 05:00:00,2.446,2.451,2.393,2.406,13803967.39,33436826.48
2025-10-11 06:00:00,2.406,2.454,2.403,2.426,12918263.32,31437970.54
2025-10-11 07:00:00,2.426,2.445,2.401,2.415,12527750.61,30322542.37
2025-10-11 08:00:00,2.415,2.491,2.402,2.487,11907570.78,29218777.71
2025-10-11 09:00:00,2.487,2.508,2.47,2.472,10618802.7,26421605.72
2025-10-11 10:00:00,2.472,2.488,2.457,2.481,8149293.44,20157096.24
2025-10-11 11:00:00,2.481,2.487,2.445,2.48,8070442.31,19932278.89
2025-10-11 12:00:00,2.48,2.488,2.434,2.449,8864408.13,21847303.51
2025-10-11 13:00:00,2.449,2.463,2.419,2.453,10119260.73,24727555.61
2025-10-11 14:00:00,2.453,2.462,2.432,2.461,9390485.9,22978825.26
2025-10-11 15:00:00,2.461,2.489,2.46,2.481,9020893.91,22349598.85
2025-10-11 16:00:00,2.481,2.496,2.465,2.479,9173034.24,22740732.94
2025-10-11 17:00:00,2.479,2.495,2.475,2.483,6741435.25,16749530.47
2025-10-11 18:00:00,2.483,2.483,2.466,2.472,5743973.93,14207088.61
2025-10-11 19:00:00,2.472,2.472,2.386,2.412,17790561.14,43018365.1
2025-10-11 20:00:00,2.412,2.414,2.339,2.356,19413850.88,46117885.69
2025-10-11 21:00:00,2.356,2.39,2.325,2.389,15712141.86,37105049.04
2025-10-11 22:00:00,2.389,2.41,2.383,2.399,10361286.26,24810100.29
2025-10-11 23:00:00,2.399,2.403,2.379,2.385,7567417.68,18096072.52
2025-10-12 00:00:00,2.385,2.389,2.34,2.344,8815589.09,20886307.18
2025-10-12 01:00:00,2.344,2.36,2.327,2.33,8524382.64,19948155.89
2025-10-12 02:00:00,2.33,2.354,2.315,2.329,9897499.24,23048049.25
2025-10-12 03:00:00,2.329,2.371,2.324,2.344,7832804.3,18413513.0
2025-10-12 04:00:00,2.344,2.379,2.342,2.365,9148782.54,21637924.75
2025-10-12 05:00:00,2.365,2.381,2.352,2.376,6581939.37,15592477.8
2025-10-12 06:00:00,2.376,2.403,2.372,2.392,5733052.05,13702238.23
2025-10-12 07:00:00,2.392,2.399,2.378,2.392,4289902.8,10241121.52
2025-10-12 08:00:00,2.392,2.404,2.384,2.384,4250867.81,10181825.47
2025-10-12 09:00:00,2.384,2.405,2.371,2.402,4834746.09,11552821.8
2025-10-12 10:00:00,2.402,2.412,2.387,2.389,4410943.15,10569836.42
2025-10-12 11:00:00,2.389,2.407,2.389,2.398,3154027.53,7558401.0
2025-10-12 12:00:00,2.398,2.422,2.398,2.408,5989736.24,14451993.95
2025-10-12 13:00:00,2.408,2.416,2.373,2.377,7665666.58,18333688.37
2025-10-12 14:00:00,2.377,2.479,2.362,2.443,20527131.41,49674565.48
2025-10-12 15:00:00,2.443,2.516,2.439,2.49,30133614.84,74828445.69
2025-10-12 16:00:00,2.49,2.545,2.49,2.521,27335772.97,68688247.02
2025-10-12 17:00:00,2.521,2.547,2.504,2.53,17280118.9,43688376.6
2025-10-12 18:00:00,2.53,2.544,2.506,2.515,11887866.33,30031297.42
2025-10-12 19:00:00,2.515,2.554,2.514,2.55,9296037.19,23609737.54
2025-10-12 20:00:00,2.55,2.586,2.547,2.561,12769341.17,32725175.33
2025-10-12 21:00:00,2.561,2.57,2.515,2.547,12095012.39,30789943.27
2025-10-12 22:00:00,2.547,2.562,2.519,2.534,11624458.09,29488591.38
2025-10-12 23:00:00,2.534,2.537,2.511,2.531,7477459.61,18879657.96
2025-10-13 00:00:00,2.531,2.551,2.517,2.531,8618789.25,21809543.73
2025-10-13 01:00:00,2.531,2.552,2.516,2.552,6452945.79,16340939.41
2025-10-13 02:00:00,2.552,2.564,2.534,2.561,7817426.66,19942189.57
2025-10-13 03:00:00,2.561,2.576,2.549,2.553,8201768.4,21029435.43
2025-10-13 04:00:00,2.553,2.583,2.55,2.58,7381760.97,18954018.59
2025-10-13 05:00:00,2.58,2.581,2.542,2.551,6700846.08,17113729.92
2025-10-13 06:00:00,2.551,2.611,2.536,2.607,9108952.62,23489349.49
2025-10-13 07:00:00,2.607,2.639,2.599,2.624,9639060.36,25268777.08
2025-10-13 08:00:00,2.624,2.644,2.609,2.636,8207142.68,21545254.16
2025-10-13 09:00:00,2.636,2.64,2.619,2.624,8361025.21,21968417.39
2025-10-13 10:00:00,2.624,2.625,2.593,2.603,8021972.85,20892139.64
2025-10-13 11:00:00,2.603,2.605,2.539,2.572,14777797.05,38071132.87
2025-10-13 12:00:00,2.572,2.592,2.558,2.571,10700485.02,27559850.56
2025-10-13 13:00:00,2.571,2.617,2.553,2.606,32079782.88,82798393.36
2025-10-13 14:00:00,2.606,2.615,2.556,2.56,19808031.86,51109151.55
2025-10-13 15:00:00,2.56,2.599,2.558,2.59,8056049.81,20794196.16
2025-10-13 16:00:00,2.59,2.602,2.573,2.595,10783375.91,27918530.26
2025-10-13 17:00:00,2.595,2.627,2.585,2.625,11255442.67,29284457.96
2025-10-13 18:00:00,2.625,2.632,2.603,2.613,12915139.64,33811885.82
2025-10-13 19:00:00,2.613,2.642,2.607,2.626,13445374.29,35323297.14
2025-10-13 20:00:00,2.626,2.647,2.623,2.646,9360620.09,24675543.16
2025-10-13 21:00:00,2.646,2.648,2.615,2.619,7185947.12,18891333.27
2025-10-13 22:00:00,2.619,2.625,2.607,2.61,6068430.49,15872140.79
2025-10-13 23:00:00,2.61,2.616,2.6,2.607,6136612.99,16008125.05
2025-10-14 00:00:00,2.607,2.622,2.598,2.609,7380152.57,19273368.39
2025-10-14 01:00:00,2.609,2.612,2.584,2.589,5263229.14,13683690.05
2025-10-14 02:00:00,2.589,2.59,2.566,2.576,9122746.66,23505824.37
2025-10-14 03:00:00,2.576,2.576,2.552,2.562,9195701.81,23565437.64
2025-10-14 04:00:00,2.562,2.567,2.52,2.528,12359932.79,31396394.96
2025-10-14 05:00:00,2.528,2.543,2.499,2.507,10463972.37,26346634.47
2025-10-14 06:00:00,2.507,2.521,2.422,2.468,18629018.63,46093468.27
2025-10-14 07:00:00,2.468,2.482,2.443,2.454,12247989.87,30129306.41
2025-10-14 08:00:00,2.454,2.476,2.44,2.466,9229223.92,22720328.87
2025-10-14 09:00:00,2.466,2.478,2.458,2.464,6418574.44,15846801.44
2025-10-14 10:00:00,2.464,2.464,2.414,2.442,16021083.17,38982371.75
2025-10-14 11:00:00,2.442,2.466,2.441,2.454,7173453.98,17612355.08
2025-10-14 12:00:00,2.454,2.455,2.417,2.421,15486054.83,37625402.35
2025-10-14 13:00:00,2.421,2.445,2.391,2.433,19951721.14,48197563.15
2025-10-14 14:00:00,2.433,2.466,2.429,2.448,17128567.78,41957612.27
2025-10-14 15:00:00,2.448,2.501,2.439,2.499,14485555.4,35817799.4
2025-10-14 16:00:00,2.499,2.537,2.484,2.505,14100900.84,35379777.48
2025-10-14 17:00:00,2.505,2.528,2.478,2.507,10973173.96,27543095.95
2025-10-14 18:00:00,2.507,2.528,2.495,2.503,9686647.42,24359960.55
2025-10-14 19:00:00,2.503,2.519,2.463,2.485,19956112.58,49634167.63
2025-10-14 20:00:00,2.485,2.498,2.476,2.491,9556488.06,23766770.58
2025-10-14 21:00:00,2.491,2.498,2.477,2.496,4810660.51,11966951.83
2025-10-14 22:00:00,2.496,2.509,2.492,2.5,4881573.64,12202805.47
2025-10-14 23:00:00,2.5,2.513,2.499,2.505,4330213.24,10861099.39
2025-10-15 00:00:00,2.505,2.51,2.488,2.506,4432210.96,11072778.79
2025-10-15 01:00:00,2.506,2.507,2.486,2.501,4217899.42,10522268.08
2025-10-15 02:00:00,2.501,2.527,2.499,2.513,6086705.43,15315318.53
2025-10-15 03:00:00,2.513,2.514,2.481,2.49,4307686.49,10749383.4
2025-10-15 04:00:00,2.49,2.5,2.482,2.5,2926728.92,7288792.21
2025-10-15 05:00:00,2.5,2.51,2.492,2.501,3169439.67,7927829.55
2025-10-15 06:00:00,2.501,2.51,2.481,2.504,5083086.76,12701144.41
2025-10-15 07:00:00,2.504,2.51,2.496,2.509,3829953.12,9584089.32
2025-10-15 08:00:00,2.509,2.549,2.507,2.52,9437180.46,23867039.21
2025-10-15 09:00:00,2.52,2.524,2.497,2.503,5041132.66,12651897.65
2025-10-15 10:00:00,2.503,2.508,2.495,2.499,4253970.18,10638046.75
2025-10-15 11:00:00,2.499,2.506,2.479,2.495,4600544.75,11467077.21
2025-10-15 12:00:00,2.495,2.506,2.485,2.504,9112000.13,22755254.55
2025-10-15 13:00:00,2.504,2.504,2.457,2.486,13944325.05,34589623.73
2025-10-15 14:00:00,2.486,2.514,2.455,2.467,16259693.7,40471851.45
2025-10-15 15:00:00,2.467,2.477,2.426,2.435,20727368.67,50742412.41
2025-10-15 16:00:00,2.435,2.45,2.433,2.434,9533500.33,23280885.89
2025-10-15 17:00:00,2.434,2.436,2.414,2.435,11222961.62,27210528.42
2025-10-15 18:00:00,2.435,2.444,2.423,2.442,7152719.84,17409823.03
2025-10-15 19:00:00,2.442,2.443,2.403,2.406,10040472.18,24319509.1
2025-10-15 20:00:00,2.406,2.422,2.381,2.399,11336208.88,27263020.48
2025-10-15 21:00:00,2.399,2.417,2.378,2.399,8772310.07,21025179.39
2025-10-15 22:00:00,2.399,2.418,2.398,2.405,5897189.28,14201133.22
2025-10-15 23:00:00,2.405,2.418,2.4,2.412,3775412.9,9099439.89
2025-10-16 00:00:00,2.412,2.417,2.401,2.408,6051228.89,14578486.25
2025-10-16 01:00:00,2.408,2.428,2.407,2.425,4022638.74,9726598.19
2025-10-16 02:00:00,2.425,2.436,2.414,2.429,4594710.35,11140682.41
2025-10-16 03:00:00,2.429,2.433,2.418,2.419,3933987.81,9534716.47
2025-10-16 04:00:00,2.419,2.431,2.411,2.413,4949351.15,11991747.95
2025-10-16 05:00:00,2.413,2.424,2.398,2.407,5974065.33,14399015.45
2025-10-16 06:00:00,2.407,2.433,2.407,2.429,5166206.75,12500523.18
2025-10-16 07:00:00,2.429,2.43,2.407,2.411,4672622.36,11285612.44
2025-10-16 08:00:00,2.411,2.414,2.387,2.395,8214250.8,19706018.15
2025-10-16 09:00:00,2.395,2.43,2.355,2.424,14158482.24,33825889.85
2025-10-16 10:00:00,2.424,2.453,2.423,2.45,7746569.02,18913582.1
2025-10-16 11:00:00,2.45,2.458,2.433,2.453,7463126.14,18256992.94
2025-10-16 12:00:00,2.453,2.468,2.449,2.455,7753509.82,19056915.51
2025-10-16 13:00:00,2.455,2.459,2.432,2.439,8430950.98,20631195.84
2025-10-16 14:00:00,2.439,2.441,2.389,2.406,25543781.59,61686529.73
2025-10-16 15:00:00,2.406,2.419,2.341,2.357,23428475.71,55797085.76
2025-10-16 16:00:00,2.357,2.399,2.347,2.399,19328161.69,45669724.79
2025-10-16 17:00:00,2.399,2.4,2.363,2.368,12125874.24,28852739.31
2025-10-16 18:00:00,2.368,2.368,2.333,2.353,14522481.5,34083475.71
2025-10-16 19:00:00,2.353,2.358,2.309,2.328,21319240.23,49656769.94
2025-10-16 20:00:00,2.328,2.337,2.274,2.295,23149301.54,53285106.74
2025-10-16 21:00:00,2.295,2.323,2.294,2.322,12364417.5,28536584.52
2025-10-16 22:00:00,2.322,2.325,2.301,2.301,11425825.03,26422359.89
2025-10-16 23:00:00,2.301,2.332,2.298,2.328,9292811.73,21527446.8
2025-10-17 00:00:00,2.328,2.341,2.32,2.339,5660024.3,13195188.1
2025-10-17 01:00:00,2.339,2.399,2.337,2.357,18546104.69,43903109.78
2025-10-17 02:00:00,2.357,2.366,2.338,2.359,9365789.17,22024437.63
2025-10-17 03:00:00,2.359,2.368,2.35,2.359,4107951.11,9691185.86
2025-10-17 04:00:00,2.359,2.36,2.348,2.349,5357697.97,12615772.27
2025-10-17 05:00:00,2.349,2.356,2.332,2.333,6796881.38,15935943.86
2025-10-17 06:00:00,2.333,2.346,2.275,2.293,13587849.55,31337870.22
2025-10-17 07:00:00,2.293,2.299,2.232,2.239,29501031.66,66594784.31
2025-10-17 08:00:00,2.239,2.251,2.203,2.216,24751746.45,54995670.15
2025-10-17 09:00:00,2.216,2.259,2.21,2.226,12939038.37,28903671.8
2025-10-17 10:00:00,2.226,2.238,2.19,2.227,18334714.37,40552508.75
2025-10-17 11:00:00,2.227,2.296,2.226,2.283,15703313.31,35666130.43
2025-10-17 12:00:00,2.283,2.304,2.279,2.28,9913320.52,22723133.69
2025-10-17 13:00:00,2.28,2.3,2.255,2.285,16808637.53,38278609.69
2025-10-17 14:00:00,2.285,2.292,2.241,2.261,17671147.82,40002584.6
2025-10-17 15:00:00,2.261,2.302,2.259,2.302,13149444.54,29947453.48
2025-10-17 16:00:00,2.302,2.328,2.283,2.293,16419618.82,37833624.71
2025-10-17 17:00:00,2.293,2.301,2.278,2.293,9724519.49,22258475.65
2025-10-17 18:00:00,2.293,2.319,2.293,2.305,8916828.09,20552848.02
2025-10-17 19:00:00,2.305,2.316,2.292,2.298,6965739.32,16044150.62
2025-10-17 20:00:00,2.298,2.321,2.296,2.311,9148134.19,21128252.35
2025-10-17 21:00:00,2.311,2.338,2.311,2.336,11272394.42,26219272.51
2025-10-17 22:00:00,2.336,2.342,2.314,2.318,9995503.13,23275131.52
2025-10-17 23:00:00,2.318,2.318,2.292,2.294,7974854.82,18364229.41
2025-10-18 00:00:00,2.294,2.319,2.29,2.31,6055801.2,13973358.09
2025-10-18 01:00:00,2.31,2.337,2.309,2.335,4478345.73,10407447.21
2025-10-18 02:00:00,2.335,2.342,2.319,2.324,5105178.95,11902646.66
2025-10-18 03:00:00,2.324,2.344,2.324,2.34,3109748.58,7265221.79
2025-10-18 04:00:00,2.34,2.34,2.319,2.32,3369191.89,7850488.87
2025-10-18 05:00:00,2.32,2.336,2.317,2.333,2922562.72,6801788.6
2025-10-18 06:00:00,2.333,2.353,2.333,2.352,3026070.69,7095414.39
2025-10-18 07:00:00,2.352,2.377,2.351,2.355,7168575.61,16948224.01
2025-10-18 08:00:00,2.355,2.361,2.349,2.35,3685239.87,8677699.33
2025-10-18 09:00:00,2.35,2.366,2.349,2.359,3892831.45,9171980.36
2025-10-18 10:00:00,2.359,2.369,2.349,2.362,3311218.48,7813698.14
2025-10-18 11:00:00,2.362,2.38,2.358,2.38,3793304.32,8984500.9
2025-10-18 12:00:00,2.38,2.392,2.371,2.376,5173607.46,12321501.06
2025-10-18 13:00:00,2.376,2.377,2.357,2.364,4718554.6,11165158.49
2025-10-18 14:00:00,2.364,2.373,2.353,2.362,5997207.06,14172799.59
2025-10-18 15:00:00,2.362,2.367,2.341,2.35,3618068.29,8512056.35
2025-10-18 16:00:00,2.35,2.356,2.334,2.346,5613958.98,13145471.03
2025-10-18 17:00:00,2.346,2.371,2.343,2.37,4031997.08,9504328.34
2025-10-18 18:00:00,2.37,2.372,2.359,2.363,2765557.33,6537948.41
2025-10-18 19:00:00,2.363,2.371,2.357,2.368,2680119.32,6342671.39
2025-10-18 20:00:00,2.368,2.375,2.359,2.36,3829849.8,9066331.34
2025-10-18 21:00:00,2.36,2.367,2.352,2.365,3345067.54,7886763.59
2025-10-18 22:00:00,2.365,2.368,2.359,2.363,3119540.51,7372816.9
2025-10-18 23:00:00,2.363,2.364,2.358,2.36,1822407.77,4301933.13
2025-10-19 00:00:00,2.36,2.363,2.341,2.346,3915982.27,9206374.4
2025-10-19 01:00:00,2.346,2.351,2.337,2.35,3190200.66,7479379.56
2025-10-19 02:00:00,2.35,2.351,2.34,2.344,2183378.41,5119735.0
2025-10-19 03:00:00,2.344,2.369,2.338,2.369,3160079.7,7445741.44
2025-10-19 04:00:00,2.369,2.37,2.355,2.358,2522778.71,5951742.7
2025-10-19 05:00:00,2.358,2.367,2.349,2.354,3591890.75,8465635.37
2025-10-19 06:00:00,2.354,2.357,2.343,2.35,1458460.54,3425649.75
2025-10-19 07:00:00,2.35,2.356,2.344,2.349,1455003.52,3419160.03
2025-10-19 08:00:00,2.349,2.37,2.328,2.333,6389163.01,14997417.44
2025-10-19 09:00:00,2.333,2.383,2.318,2.363,8638026.26,20293776.21
2025-10-19 10:00:00,2.363,2.393,2.355,2.386,6788909.99,16134386.56
2025-10-19 11:00:00,2.386,2.399,2.372,2.376,5981259.01,14272270.11
2025-10-19 12:00:00,2.376,2.38,2.363,2.371,3657074.62,8670213.47
2025-10-19 13:00:00,2.371,2.404,2.366,2.404,6945106.59,16574078.18
2025-10-19 14:00:00,2.404,2.415,2.392,2.414,10008976.85,24094402.11
2025-10-19 15:00:00,2.414,2.415,2.395,2.402,6601757.49,15867852.94
2025-10-19 16:00:00,2.402,2.409,2.389,2.401,4478603.33,10738986.53
2025-10-19 17:00:00,2.401,2.42,2.394,2.397,9707810.67,23384962.28
2025-10-19 18:00:00,2.397,2.413,2.397,2.41,4124222.51,9914694.79
2025-10-19 19:00:00,2.41,2.41,2.394,2.4,3490584.31,8377309.21
2025-10-19 20:00:00,2.4,2.409,2.397,2.407,3683903.84,8855204.35
2025-10-19 21:00:00,2.407,2.409,2.388,2.398,3426928.18,8214377.4
2025-10-19 22:00:00,2.398,2.411,2.397,2.404,4508337.92,10841647.15
2025-10-19 23:00:00,2.404,2.404,2.388,2.391,3564016.28,8532378.22
2025-10-20 00:00:00,2.391,2.392,2.356,2.381,8544706.96,20271917.06
2025-10-20 01:00:00,2.381,2.386,2.369,2.373,4565765.56,10850567.0
2025-10-20 02:00:00,2.373,2.396,2.365,2.387,4901201.33,11672836.75
2025-10-20 03:00:00,2.387,2.441,2.383,2.435,8160338.34,19696863.87
2025-10-20 04:00:00,2.435,2.449,2.432,2.447,7578430.85,18489781.38
2025-10-20 05:00:00,2.447,2.457,2.437,2.457,5397035.92,13214538.15
2025-10-20 06:00:00,2.457,2.474,2.457,2.47,4937103.42,12167316.48
2025-10-20 07:00:00,2.47,2.478,2.462,2.471,2919208.27,7209067.59
2025-10-20 08:00:00,2.471,2.479,2.459,2.473,3019866.77,7452091.26
2025-10-20 09:00:00,2.473,2.475,2.458,2.474,3211017.29,7915098.67
2025-10-20 10:00:00,2.474,2.481,2.461,2.467,5751176.86,14210425.54
2025-10-20 11:00:00,2.467,2.467,2.453,2.458,5313230.32,13070609.37
2025-10-20 12:00:00,2.458,2.459,2.448,2.454,6265763.71,15364783.84
2025-10-20 13:00:00,2.454,2.465,2.449,2.461,5750961.73,14126189.94
2025-10-20 14:00:00,2.461,2.472,2.449,2.471,7624006.04,18756433.12
2025-10-20 15:00:00,2.471,2.486,2.463,2.464,6476734.46,16029886.43
2025-10-20 16:00:00,2.464,2.468,2.428,2.446,8480099.98,20762157.32
2025-10-20 17:00:00,2.446,2.461,2.437,2.46,6310113.68,15457915.88
2025-10-20 18:00:00,2.46,2.478,2.456,2.476,6181292.92,15238440.66
2025-10-20 19:00:00,2.476,2.553,2.471,2.526,16792269.25,42223642.96
2025-10-20 20:00:00,2.526,2.536,2.508,2.533,10907388.64,27460781.92
2025-10-20 21:00:00,2.533,2.533,2.487,2.492,6578111.59,16490709.26
2025-10-20 22:00:00,2.492,2.506,2.483,2.499,5294577.45,13208081.84
2025-10-20 23:00:00,2.499,2.499,2.487,2.496,4824547.24,12018029.67
2025-10-21 00:00:00,2.496,2.496,2.483,2.487,5520403.73,13740722.14
2025-10-21 01:00:00,2.487,2.487,2.463,2.469,4941174.05,12225968.14
2025-10-21 02:00:00,2.469,2.47,2.45,2.452,5044766.35,12410976.03
2025-10-21 03:00:00,2.452,2.463,2.449,2.454,3307205.47,8119545.82
2025-10-21 04:00:00,2.454,2.454,2.419,2.424,10249389.87,24922979.3
2025-10-21 05:00:00,2.424,2.437,2.422,2.425,6351192.06,15423483.63
2025-10-21 06:00:00,2.425,2.437,2.413,2.432,6857609.9,16629695.34
2025-10-21 07:00:00,2.432,2.436,2.419,2.428,4012457.29,9739346.73
2025-10-21 08:00:00,2.428,2.428,2.402,2.413,8517657.6,20525631.01
2025-10-21 09:00:00,2.413,2.413,2.403,2.41,3446342.47,8297754.83
2025-10-21 10:00:00,2.41,2.429,2.406,2.418,4721422.34,11406834.83
2025-10-21 11:00:00,2.418,2.434,2.413,2.433,4766312.73,11560952.07
2025-10-21 12:00:00,2.433,2.448,2.425,2.426,4816847.64,11731084.85
2025-10-21 13:00:00,2.426,2.433,2.409,2.414,6302486.76,15252639.67
2025-10-21 14:00:00,2.414,2.49,2.413,2.488,12821551.62,31423712.72
2025-10-21 15:00:00,2.488,2.533,2.476,2.523,17661744.2,44334324.38
2025-10-21 16:00:00,2.523,2.525,2.483,2.487,10721691.75,26948265.19
2025-10-21 17:00:00,2.487,2.507,2.474,2.494,9856176.44,24585760.35
2025-10-21 18:00:00,2.494,2.5,2.474,2.486,6719585.82,16698494.85
2025-10-21 19:00:00,2.486,2.502,2.483,2.495,6995465.32,17445727.07
2025-10-21 20:00:00,2.495,2.498,2.467,2.476,7728789.12,19160094.61
2025-10-21 21:00:00,2.476,2.493,2.452,2.478,6726485.95,16630458.49
2025-10-21 22:00:00,2.478,2.478,2.433,2.443,9374824.0,22982625.53
2025-10-21 23:00:00,2.443,2.449,2.417,2.423,10090692.55,24511581.42
2025-10-22 00:00:00,2.423,2.435,2.405,2.414,7157285.11,17321433.96
2025-10-22 01:00:00,2.414,2.43,2.413,2.426,4860826.61,11766959.78
2025-10-22 02:00:00,2.426,2.433,2.423,2.425,2570699.12,6241519.46
2025-10-22 03:00:00,2.425,2.425,2.41,2.422,3019402.02,7300026.64
2025-10-22 04:00:00,2.422,2.439,2.421,2.438,3119333.4,7587622.65
2025-10-22 05:00:00,2.438,2.438,2.393,2.407,9360233.24,22533176.89
2025-10-22 06:00:00,2.407,2.411,2.402,2.405,3314815.02,7977929.95
2025-10-22 07:00:00,2.405,2.414,2.392,2.411,4001588.85,9615394.04
2025-10-22 08:00:00,2.411,2.411,2.398,2.4,2698871.14,6481346.49
2025-10-22 09:00:00,2.4,2.402,2.382,2.386,5830028.17,13932811.53
2025-10-22 10:00:00,2.386,2.393,2.378,2.383,4591767.93,10949114.54
2025-10-22 11:00:00,2.383,2.408,2.368,2.398,8818707.93,21080515.28
2025-10-22 12:00:00,2.398,2.412,2.394,2.402,4885104.61,11739412.5
2025-10-22 13:00:00,2.402,2.414,2.394,2.41,10146523.27,24387100.85
2025-10-22 14:00:00,2.41,2.411,2.368,2.411,14062601.42,33594438.79
2025-10-22 15:00:00,2.411,2.418,2.381,2.401,8480576.45,20340487.26
2025-10-22 16:00:00,2.401,2.407,2.38,2.395,10325562.76,24728510.61
2025-10-22 17:00:00,2.395,2.4,2.377,2.379,6541305.39,15631053.27
2025-10-22 18:00:00,2.379,2.386,2.368,2.378,8488042.26,20179834.99
2025-10-22 19:00:00,2.378,2.397,2.356,2.377,8457089.17,20137036.52
2025-10-22 20:00:00,2.377,2.381,2.358,2.364,7180942.01,17018797.65
2025-10-22 21:00:00,2.364,2.364,2.329,2.341,13681563.05,32077864.52
2025-10-22 22:00:00,2.341,2.355,2.333,2.337,6310944.34,14778286.77
2025-10-22 23:00:00,2.337,2.369,2.336,2.365,5559978.41,13112570.88
2025-10-23 00:00:00,2.365,2.372,2.362,2.367,3362884.89,7960949.85
2025-10-23 01:00:00,2.367,2.377,2.364,2.371,3747224.95,8883353.62
2025-10-23 02:00:00,2.371,2.378,2.369,2.377,2467869.35,5859574.48
2025-10-23 03:00:00,2.377,2.388,2.376,2.38,2852839.19,6793286.2
2025-10-23 04:00:00,2.38,2.392,2.378,2.386,2617643.77,6245415.32
2025-10-23 05:00:00,2.386,2.396,2.386,2.396,2890395.06,6912072.09
2025-10-23 06:00:00,2.396,2.42,2.395,2.418,4572967.16,11020838.72
2025-10-23 07:00:00,2.418,2.419,2.403,2.409,2478544.22,5969110.16
2025-10-23 08:00:00,2.409,2.418,2.408,2.415,2633713.61,6359253.63
2025-10-23 09:00:00,2.415,2.416,2.408,2.412,2274096.39,5482458.95
2025-10-23 10:00:00,2.412,2.415,2.409,2.411,2723226.49,6571146.53
2025-10-23 11:00:00,2.411,2.411,2.391,2.392,3319904.3,7964737.14
2025-10-23 12:00:00,2.392,2.392,2.376,2.39,5447856.1,12989110.58
2025-10-23 13:00:00,2.39,2.411,2.382,2.399,5412228.48,12979606.77
2025-10-23 14:00:00,2.399,2.406,2.383,2.403,6306956.58,15112470.55
2025-10-23 15:00:00,2.403,2.42,2.4,2.409,5573865.27,13438957.47
2025-10-23 16:00:00,2.409,2.417,2.393,2.411,5719236.71,13749183.12
2025-10-23 17:00:00,2.411,2.427,2.397,2.422,7884311.24,19014572.78
2025-10-23 18:00:00,2.422,2.423,2.4,2.404,5238843.99,12617477.02
2025-10-23 19:00:00,2.404,2.411,2.393,2.408,5353938.75,12866300.02
2025-10-23 20:00:00,2.408,2.408,2.379,2.386,5858314.25,14038184.7
2025-10-23 21:00:00,2.386,2.392,2.382,2.387,4481995.59,10697682.32
2025-10-23 22:00:00,2.387,2.399,2.383,2.397,5348893.59,12794841.26
2025-10-23 23:00:00,2.397,2.398,2.391,2.395,3244296.72,7768602.63
2025-10-24 00:00:00,2.395,2.404,2.388,2.398,3856026.55,9234032.09
2025-10-24 01:00:00,2.398,2.402,2.388,2.398,2994962.84,7172728.22
2025-10-24 02:00:00,2.398,2.407,2.392,2.405,2972196.96,7133752.55
2025-10-24 03:00:00,2.405,2.411,2.401,2.408,3115333.28,7495153.86
2025-10-24 04:00:00,2.408,2.435,2.405,2.431,5486122.54,13289272.27
2025-10-24 05:00:00,2.431,2.446,2.428,2.443,8033185.45,19585200.7
2025-10-24 06:00:00,2.443,2.449,2.434,2.446,3992555.59,9748467.24
2025-10-24 07:00:00,2.446,2.448,2.43,2.441,3478819.15,8486304.34
2025-10-24 08:00:00,2.441,2.456,2.436,2.451,3728800.97,9126206.37
2025-10-24 09:00:00,2.451,2.465,2.45,2.456,2862960.51,7035862.23
2025-10-24 10:00:00,2.456,2.461,2.447,2.45,3507536.28,8603847.7
2025-10-24 11:00:00,2.45,2.457,2.435,2.456,3826250.89,9360538.1
2025-10-24 12:00:00,2.456,2.493,2.456,2.482,11949699.55,29594163.15
2025-10-24 13:00:00,2.482,2.515,2.475,2.515,14618006.22,36505752.63
2025-10-24 14:00:00,2.515,2.515,2.47,2.476,11690560.16,29089728.51
2025-10-24 15:00:00,2.476,2.5,2.471,2.48,10900507.31,27075688.04
2025-10-24 16:00:00,2.48,2.489,2.461,2.481,6512140.53,16115561.29
2025-10-24 17:00:00,2.481,2.492,2.475,2.475,5361318.36,13324815.55
2025-10-24 18:00:00,2.475,2.493,2.472,2.492,5596683.02,13886414.11
2025-10-24 19:00:00,2.492,2.514,2.491,2.501,11738517.35,29403460.71
2025-10-24 20:00:00,2.501,2.515,2.5,2.514,7150598.73,17933760.72
2025-10-24 21:00:00,2.514,2.515,2.497,2.508,5286302.89,13241604.55
2025-10-24 22:00:00,2.508,2.514,2.497,2.511,4811890.32,12059581.56
2025-10-24 23:00:00,2.511,2.511,2.503,2.511,3676017.64,9213411.62
2025-10-25 00:00:00,2.511,2.538,2.503,2.526,8254949.3,20805522.16
2025-10-25 01:00:00,2.526,2.561,2.521,2.547,10711714.54,27239435.15
2025-10-25 02:00:00,2.547,2.552,2.537,2.547,3540693.68,9008314.43
2025-10-25 03:00:00,2.547,2.548,2.533,2.541,3230551.94,8202491.56
2025-10-25 04:00:00,2.541,2.571,2.541,2.561,7051006.49,18039415.43
2025-10-25 05:00:00,2.561,2.566,2.55,2.558,3738649.97,9565668.47
2025-10-25 06:00:00,2.558,2.563,2.538,2.539,3468406.33,8834858.5
2025-10-25 07:00:00,2.539,2.551,2.538,2.543,3131973.78,7969629.82
2025-10-25 08:00:00,2.543,2.554,2.542,2.546,2586639.49,6586743.83
2025-10-25 09:00:00,2.546,2.547,2.536,2.54,2383868.11,6063549.45
2025-10-25 10:00:00,2.54,2.562,2.529,2.551,3704161.31,9410396.11
2025-10-25 11:00:00,2.551,2.571,2.55,2.565,4089354.56,10478876.58
2025-10-25 12:00:00,2.565,2.586,2.561,2.58,7533853.66,19408603.78
2025-10-25 13:00:00,2.58,2.601,2.572,2.598,7018555.13,18152082.88
2025-10-25 14:00:00,2.598,2.62,2.592,2.613,6460704.33,16837449.96
2025-10-25 15:00:00,2.613,2.613,2.597,2.599,2768539.02,7216725.88
2025-10-25 16:00:00,2.599,2.607,2.589,2.59,2518911.92,6542590.99
2025-10-25 17:00:00,2.59,2.6,2.589,2.599,2470005.08,6409574.44
2025-10-25 18:00:00,2.599,2.645,2.596,2.642,3845546.92,10082368.62
2025-10-25 19:00:00,2.642,2.654,2.605,2.605,4768757.44,12548920.64
2025-10-25 20:00:00,2.605,2.618,2.598,2.601,4023346.06,10500698.14
2025-10-25 21:00:00,2.601,2.608,2.593,2.598,3861277.97,10042635.0
2025-10-25 22:00:00,2.598,2.603,2.589,2.601,4354588.93,11302934.18
2025-10-25 23:00:00,2.601,2.602,2.592,2.596,3790716.94,9847376.27
2025-10-26 00:00:00,2.596,2.628,2.593,2.619,5275660.88,13795698.36
2025-10-26 01:00:00,2.619,2.629,2.608,2.618,5106503.61,13365822.29
2025-10-26 02:00:00,2.618,2.618,2.595,2.598,3429196.01,8940075.74
2025-10-26 03:00:00,2.598,2.614,2.596,2.602,3330421.17,8671147.98
2025-10-26 04:00:00,2.602,2.617,2.6,2.611,1944288.52,5074047.76
2025-10-26 05:00:00,2.611,2.619,2.606,2.615,2615955.48,6836021.82
2025-10-26 06:00:00,2.615,2.627,2.612,2.627,2336162.37,6118205.36
2025-10-26 07:00:00,2.627,2.627,2.62,2.625,2230973.63,5852508.71
2025-10-26 08:00:00,2.625,2.638,2.618,2.633,3904708.42,10266030.55
2025-10-26 09:00:00,2.633,2.662,2.633,2.647,9151035.19,24250302.5
2025-10-26 10:00:00,2.647,2.648,2.628,2.63,3445804.3,9083427.67
2025-10-26 11:00:00,2.63,2.653,2.62,2.647,5101546.23,13461905.16
2025-10-26 12:00:00,2.647,2.657,2.634,2.639,6088151.83,16097404.44
2025-10-26 13:00:00,2.639,2.651,2.639,2.642,6300092.54,16671064.95
2025-10-26 14:00:00,2.642,2.645,2.63,2.638,4806200.64,12677831.85
2025-10-26 15:00:00,2.638,2.646,2.634,2.641,3289931.19,8687924.59
2025-10-26 16:00:00,2.641,2.642,2.621,2.627,5393953.26,14182337.4
2025-10-26 17:00:00,2.627,2.629,2.622,2.623,4253259.59,11172617.69
2025-10-26 18:00:00,2.623,2.634,2.62,2.62,6081443.33,15973392.17
2025-10-26 19:00:00,2.62,2.62,2.609,2.615,5315350.22,13891887.17
2025-10-26 20:00:00,2.615,2.616,2.599,2.61,5802001.49,15141517.95
2025-10-26 21:00:00,2.61,2.629,2.61,2.619,5311731.26,13914688.4
2025-10-26 22:00:00,2.619,2.661,2.619,2.653,12605524.79,33320480.14
2025-10-26 23:00:00,2.653,2.662,2.643,2.646,6653119.73,17650281.87
2025-10-27 00:00:00,2.646,2.666,2.637,2.648,9550057.46,25352566.7
2025-10-27 01:00:00,2.648,2.67,2.646,2.66,6219158.57,16543737.56
2025-10-27 02:00:00,2.66,2.67,2.643,2.646,5301645.62,14078208.73
2025-10-27 03:00:00,2.646,2.649,2.623,2.636,7140636.44,18819155.1
2025-10-27 04:00:00,2.636,2.65,2.635,2.647,3371906.0,8907964.04
2025-10-27 05:00:00,2.647,2.675,2.642,2.646,5741144.35,15270524.64
2025-10-27 06:00:00,2.646,2.658,2.633,2.651,6344039.58,16789344.14
2025-10-27 07:00:00,2.651,2.659,2.627,2.631,3721496.22,9837192.03
2025-10-27 08:00:00,2.631,2.636,2.613,2.625,4656041.68,12240309.36
2025-10-27 09:00:00,2.625,2.627,2.606,2.613,4651628.95,12159213.71
2025-10-27 10:00:00,2.613,2.629,2.608,2.625,3794073.61,9936500.75
2025-10-27 11:00:00,2.625,2.639,2.615,2.626,3675005.15,9658008.84
2025-10-27 12:00:00,2.626,2.632,2.617,2.631,4495142.47,11800610.89
2025-10-27 13:00:00,2.631,2.643,2.607,2.627,8519040.17,22377079.85
2025-10-27 14:00:00,2.627,2.628,2.602,2.628,7809234.97,20437313.11
2025-10-27 15:00:00,2.628,2.664,2.627,2.661,10087043.95,26770500.98
2025-10-27 16:00:00,2.661,2.691,2.661,2.686,11738198.32,31445519.75
2025-10-27 17:00:00,2.686,2.695,2.678,2.692,8365967.92,22469998.29
2025-10-27 18:00:00,2.692,2.697,2.68,2.69,7465206.61,20087980.17
2025-10-27 19:00:00,2.69,2.69,2.655,2.67,11587715.91,30980770.84
2025-10-27 20:00:00,2.67,2.67,2.627,2.627,10453648.44,27669199.13
2025-10-27 21:00:00,2.627,2.65,2.624,2.635,6075447.63,16013261.37
2025-10-27 22:00:00,2.635,2.651,2.631,2.64,5279417.57,13951081.39
2025-10-27 23:00:00,2.64,2.647,2.631,2.634,5015366.42,13230772.46
2025-10-28 00:00:00,2.634,2.652,2.63,2.639,4894266.7,12925567.58
2025-10-28 01:00:00,2.639,2.648,2.634,2.641,4054621.22,10712322.43
2025-10-28 02:00:00,2.641,2.647,2.61,2.628,5704585.83,14987391.75
2025-10-28 03:00:00,2.628,2.641,2.621,2.632,5129656.18,13501270.5
2025-10-28 04:00:00,2.632,2.637,2.622,2.633,4632317.31,12184572.27
2025-10-28 05:00:00,2.633,2.641,2.618,2.621,4585503.35,12053882.66
2025-10-28 06:00:00,2.621,2.65,2.612,2.649,7368924.49,19372809.59
2025-10-28 07:00:00,2.649,2.662,2.637,2.638,4837980.19,12816097.94
2025-10-28 08:00:00,2.638,2.662,2.636,2.656,3658877.1,9694101.0
2025-10-28 09:00:00,2.656,2.667,2.647,2.667,3060639.25,8132429.73
2025-10-28 10:00:00,2.667,2.668,2.655,2.659,3164563.95,8420116.39
2025-10-28 11:00:00,2.659,2.659,2.638,2.642,3209269.39,8496311.92
2025-10-28 12:00:00,2.642,2.665,2.641,2.663,4818557.96,12782914.13
2025-10-28 13:00:00,2.663,2.689,2.661,2.665,11353057.95,30358285.75
2025-10-28 14:00:00,2.665,2.667,2.606,2.632,19908084.76,52621987.82
2025-10-28 15:00:00,2.632,2.646,2.625,2.636,9431093.39,24852744.78
2025-10-28 16:00:00,2.636,2.655,2.635,2.649,6189927.86,16371104.6
2025-10-28 17:00:00,2.649,2.669,2.648,2.66,6471542.34,17204182.56
2025-10-28 18:00:00,2.66,2.675,2.656,2.672,7601050.72,20278781.54
2025-10-28 19:00:00,2.672,2.68,2.613,2.643,12973280.36,34283653.04
2025-10-28 20:00:00,2.643,2.643,2.586,2.593,19162649.08,49926917.03
2025-10-28 21:00:00,2.593,2.608,2.569,2.598,10882074.75,28118937.5
2025-10-28 22:00:00,2.598,2.615,2.588,2.612,7027318.02,18295919.94
2025-10-28 23:00:00,2.612,2.616,2.603,2.604,4363462.05,11383261.43
2025-10-29 00:00:00,2.604,2.62,2.601,2.61,5614084.6,14654911.65
2025-10-29 01:00:00,2.61,2.627,2.607,2.62,5335248.6,13957399.9
2025-10-29 02:00:00,2.62,2.628,2.613,2.616,4201400.48,11012848.09
2025-10-29 03:00:00,2.616,2.616,2.6,2.609,3615149.25,9421022.07
2025-10-29 04:00:00,2.609,2.622,2.608,2.619,2791431.76,7303689.82
2025-10-29 05:00:00,2.619,2.629,2.612,2.62,3210313.61,8411733.63
2025-10-29 06:00:00,2.62,2.635,2.616,2.631,2961030.27,7771649.19
2025-10-29 07:00:00,2.631,2.637,2.624,2.635,2870697.74,7555144.82
2025-10-29 08:00:00,2.635,2.637,2.623,2.628,2906604.37,7647611.01
2025-10-29 09:00:00,2.628,2.658,2.622,2.648,3892593.43,10276351.86
2025-10-29 10:00:00,2.648,2.662,2.639,2.642,4062948.42,10780606.6
2025-10-29 11:00:00,2.642,2.655,2.639,2.651,2760619.19,7312253.75
2025-10-29 12:00:00,2.651,2.66,2.648,2.657,4617831.16,12263323.37
2025-10-29 13:00:00,2.657,2.665,2.631,2.635,7881638.24,20854011.11
2025-10-29 14:00:00,2.635,2.644,2.623,2.641,6861048.18,18071584.86
2025-10-29 15:00:00,2.641,2.651,2.615,2.627,8956775.87,23596762.48
2025-10-29 16:00:00,2.627,2.635,2.615,2.628,7185595.69,18870528.11
2025-10-29 17:00:00,2.628,2.659,2.625,2.659,6543607.46,17284274.39
2025-10-29 18:00:00,2.659,2.66,2.554,2.609,24901442.49,64976679.96
2025-10-29 19:00:00,2.609,2.633,2.577,2.588,16303629.32,42433149.47
2025-10-29 20:00:00,2.588,2.601,2.558,2.59,11230911.3,28990050.51
2025-10-29 21:00:00,2.59,2.618,2.589,2.605,5769987.08,15027993.99
2025-10-29 22:00:00,2.605,2.609,2.592,2.594,5045435.14,13115621.16
2025-10-29 23:00:00,2.594,2.594,2.537,2.551,9036993.16,23167109.06
2025-10-30 00:00:00,2.551,2.565,2.529,2.563,9013393.92,22982727.41
2025-10-30 01:00:00,2.563,2.584,2.557,2.579,5008194.55,12866780.98
2025-10-30 02:00:00,2.579,2.59,2.572,2.585,3571258.58,9220566.78
2025-10-30 03:00:00,2.585,2.585,2.573,2.579,3174589.84,8189845.74
2025-10-30 04:00:00,2.579,2.58,2.489,2.509,19200279.91,48382279.52
2025-10-30 05:00:00,2.509,2.564,2.506,2.559,7772507.66,19685937.31
2025-10-30 06:00:00,2.559,2.575,2.557,2.568,4114763.79,10558685.44
2025-10-30 07:00:00,2.568,2.594,2.566,2.584,4039534.94,10429196.91
2025-10-30 08:00:00,2.584,2.59,2.578,2.579,2906669.4,7507736.38
2025-10-30 09:00:00,2.579,2.582,2.555,2.556,3142743.86,8064942.67
2025-10-30 10:00:00,2.556,2.567,2.548,2.551,2953594.79,7553426.22
2025-10-30 11:00:00,2.551,2.558,2.542,2.544,3641601.64,9285629.27
2025-10-30 12:00:00,2.544,2.551,2.491,2.501,10786470.64,27142272.44
2025-10-30 13:00:00,2.501,2.508,2.457,2.466,25460784.07,63179198.5
2025-10-30 14:00:00,2.466,2.486,2.463,2.473,13594533.17,33633654.02
2025-10-30 15:00:00,2.473,2.48,2.445,2.454,11574685.49,28468615.87
2025-10-30 16:00:00,2.454,2.471,2.446,2.463,10516268.35,25870679.65
2025-10-30 17:00:00,2.463,2.464,2.426,2.453,14389907.07,35142574.51
2025-10-30 18:00:00,2.453,2.453,2.416,2.423,8425103.42,20484041.08
2025-10-30 19:00:00,2.423,2.426,2.377,2.385,16050584.52,38598406.64
2025-10-30 20:00:00,2.385,2.431,2.377,2.426,12672996.57,30494975.17
2025-10-30 21:00:00,2.426,2.434,2.409,2.427,5957855.07,14427586.16
2025-10-30 22:00:00,2.427,2.437,2.423,2.437,8111277.16,19714417.2
2025-10-30 23:00:00,2.437,2.442,2.424,2.439,5800353.72,14111488.21
2025-10-31 00:00:00,2.439,2.462,2.434,2.459,7166160.88,17531856.16
2025-10-31 01:00:00,2.459,2.482,2.455,2.481,7827153.24,19354275.75
2025-10-31 02:00:00,2.481,2.481,2.453,2.461,5404217.27,13331073.38
2025-10-31 03:00:00,2.461,2.471,2.453,2.471,3093416.88,7619613.96
2025-10-31 04:00:00,2.471,2.493,2.469,2.492,5282376.16,13118970.16
2025-10-31 05:00:00,2.492,2.493,2.481,2.484,3324137.77,8265141.64
2025-10-31 06:00:00,2.484,2.487,2.478,2.481,3089884.61,7669400.02
2025-10-31 07:00:00,2.481,2.49,2.47,2.475,4260216.05,10564767.57
2025-10-31 08:00:00,2.475,2.49,2.466,2.49,3793601.0,9402501.57
2025-10-31 09:00:00,2.49,2.495,2.482,2.487,2961469.0,7365559.44
2025-10-31 10:00:00,2.487,2.507,2.486,2.498,3821766.33,9542533.68
2025-10-31 11:00:00,2.498,2.515,2.486,2.514,5392849.0,13477497.43
2025-10-31 12:00:00,2.514,2.529,2.502,2.504,8878686.69,22354179.68
2025-10-31 13:00:00,2.504,2.521,2.494,2.508,10554220.52,26439399.29
2025-10-31 14:00:00,2.508,2.511,2.492,2.507,8531285.16,21337012.55
2025-10-31 15:00:00,2.507,2.559,2.504,2.526,56562858.74,143388402.03
2025-10-31 16:00:00,2.526,2.537,2.492,2.495,9754697.97,24542366.81
2025-10-31 17:00:00,2.495,2.513,2.484,2.505,10379413.87,25905686.76
2025-10-31 18:00:00,2.505,2.525,2.503,2.521,6990761.35,17578754.21
2025-10-31 19:00:00,2.521,2.553,2.499,2.543,10834074.44,27382091.43
2025-10-31 20:00:00,2.543,2.543,2.509,2.51,6083816.69,15377384.92
2025-10-31 21:00:00,2.51,2.52,2.501,2.519,4879737.73,12253383.1
2025-10-31 22:00:00,2.519,2.52,2.503,2.506,3495633.52,8780610.23
2025-10-31 23:00:00,2.506,2.513,2.502,2.508,3511009.83,8807056.99
2025-11-01 00:00:00,2.508,2.51,2.492,2.499,3788582.16,9467542.8
2025-11-01 01:00:00,2.499,2.505,2.494,2.499,2466513.88,6163734.54
2025-11-01 02:00:00,2.499,2.506,2.488,2.504,2984246.98,7449642.79
2025-11-01 03:00:00,2.504,2.518,2.504,2.515,2499032.17,6281260.35
2025-11-01 04:00:00,2.515,2.522,2.509,2.516,2504811.71,6302294.59
2025-11-01 05:00:00,2.516,2.517,2.506,2.507,1648565.01,4138712.44
2025-11-01 06:00:00,2.507,2.509,2.497,2.503,1695416.8,4245565.33
2025-11-01 07:00:00,2.503,2.513,2.5,2.505,1517845.49,3803685.69
2025-11-01 08:00:00,2.505,2.512,2.499,2.511,1923059.38,4815870.88
2025-11-01 09:00:00,2.511,2.514,2.5,2.502,2800785.5,7018696.69
2025-11-01 10:00:00,2.502,2.511,2.501,2.507,2219851.12,5563041.91
2025-11-01 11:00:00,2.507,2.511,2.499,2.5,1759964.87,4409519.13
2025-11-01 12:00:00,2.5,2.505,2.481,2.492,3626571.67,9041414.39
2025-11-01 13:00:00,2.492,2.5,2.483,2.489,2597050.05,6471530.04
2025-11-01 14:00:00,2.489,2.491,2.475,2.483,3852177.27,9562505.16
2025-11-01 15:00:00,2.483,2.502,2.482,2.501,2529317.94,6311680.97
2025-11-01 16:00:00,2.501,2.514,2.499,2.508,3020932.57,7570199.31
2025-11-01 17:00:00,2.508,2.509,2.502,2.505,2366718.18,5929284.08
2025-11-01 18:00:00,2.505,2.508,2.495,2.505,2815837.61,7044437.47
2025-11-01 19:00:00,2.505,2.506,2.497,2.505,1360926.57,3403980.34
2025-11-01 20:00:00,2.505,2.512,2.505,2.508,1662467.2,4170711.75
2025-11-01 21:00:00,2.508,2.509,2.492,2.492,1655102.93,4141219.02
2025-11-01 22:00:00,2.492,2.502,2.489,2.502,2136614.96,5330068.87
2025-11-01 23:00:00,2.502,2.507,2.497,2.505,1637078.56,4096156.01
2025-11-02 00:00:00,2.505,2.505,2.498,2.501,2074776.63,5189494.28
2025-11-02 01:00:00,2.501,2.505,2.494,2.497,1909572.25,4773297.2
2025-11-02 02:00:00,2.497,2.512,2.495,2.51,2574111.51,6448929.67
2025-11-02 03:00:00,2.51,2.511,2.504,2.506,1306568.63,3276826.49
2025-11-02 04:00:00,2.506,2.527,2.505,2.524,3108297.09,7825970.08
2025-11-02 05:00:00,2.524,2.525,2.514,2.521,2488030.84,6267241.81
2025-11-02 06:00:00,2.521,2.526,2.518,2.522,2278867.97,5747591.11
2025-11-02 07:00:00,2.522,2.536,2.517,2.534,2352353.67,5947207.89
2025-11-02 08:00:00,2.534,2.539,2.525,2.527,3147773.92,7972005.28
2025-11-02 09:00:00,2.527,2.534,2.518,2.52,3081863.69,7781273.54
2025-11-02 10:00:00,2.52,2.529,2.509,2.515,3833120.31,9654351.32
2025-11-02 11:00:00,2.515,2.554,2.512,2.541,5253618.9,13303304.95
2025-11-02 12:00:00,2.541,2.551,2.535,2.537,4245283.97,10793528.07
2025-11-02 13:00:00,2.537,2.542,2.522,2.527,3265278.78,8262979.23
2025-11-02 14:00:00,2.527,2.535,2.502,2.516,5290309.36,13315532.26
2025-11-02 15:00:00,2.516,2.519,2.5,2.5,3970367.71,9966117.41
2025-11-02 16:00:00,2.5,2.505,2.484,2.505,5521191.81,13773989.15
2025-11-02 17:00:00,2.505,2.505,2.494,2.501,2691770.81,6726564.62
2025-11-02 18:00:00,2.501,2.501,2.49,2.495,2055849.14,5131296.6
2025-11-02 19:00:00,2.495,2.495,2.478,2.489,4497375.3,11174025.17
2025-11-02 20:00:00,2.489,2.498,2.485,2.497,2332466.73,5806334.92
2025-11-02 21:00:00,2.497,2.517,2.497,2.511,3849126.53,9653181.46
2025-11-02 22:00:00,2.511,2.511,2.489,2.498,2489303.33,6223347.1
2025-11-02 23:00:00,2.498,2.532,2.498,2.527,5943277.08,14969321.94
2025-11-03 00:00:00,2.527,2.532,2.501,2.502,4598279.96,11588712.41
2025-11-03 01:00:00,2.502,2.502,2.483,2.492,4967794.14,12391170.43
2025-11-03 02:00:00,2.492,2.495,2.456,2.462,9541368.72,23576430.11
2025-11-03 03:00:00,2.462,2.466,2.424,2.43,10007550.41,24428152.46
2025-11-03 04:00:00,2.43,2.448,2.417,2.447,7170864.99,17440471.15
2025-11-03 05:00:00,2.447,2.453,2.427,2.431,4470001.65,10920221.27
2025-11-03 06:00:00,2.431,2.433,2.388,2.408,9668724.53,23306469.38
2025-11-03 07:00:00,2.408,2.419,2.399,2.414,4643988.63,11193820.27
2025-11-03 08:00:00,2.414,2.422,2.397,2.41,6159356.36,14848076.33
2025-11-03 09:00:00,2.41,2.428,2.397,2.4,5033086.73,12150292.27
2025-11-03 10:00:00,2.4,2.408,2.382,2.388,5034353.71,12053689.31
2025-11-03 11:00:00,2.388,2.416,2.388,2.402,6490669.19,15608246.82
2025-11-03 12:00:00,2.402,2.413,2.401,2.402,5528851.63,13306695.21
2025-11-03 13:00:00,2.402,2.418,2.399,2.411,5775446.65,13907325.27
2025-11-03 14:00:00,2.411,2.428,2.411,2.427,7036860.33,17029599.89
2025-11-03 15:00:00,2.427,2.429,2.306,2.328,30869249.66,72572250.88
2025-11-03 16:00:00,2.328,2.38,2.32,2.374,16867573.78,39711159.13
2025-11-03 17:00:00,2.374,2.394,2.366,2.381,9737374.61,23144189.06
2025-11-03 18:00:00,2.381,2.384,2.347,2.348,9703712.62,22928633.56
2025-11-03 19:00:00,2.348,2.352,2.322,2.324,12235206.15,28606875.88
2025-11-03 20:00:00,2.324,2.329,2.263,2.286,21744036.32,49927750.88
2025-11-03 21:00:00,2.286,2.313,2.267,2.311,16253024.16,37297257.94
2025-11-03 22:00:00,2.311,2.312,2.27,2.3,12229651.56,28027290.11
2025-11-03 23:00:00,2.3,2.313,2.285,2.309,7329518.94,16868244.28
2025-11-04 00:00:00,2.309,2.345,2.3,2.337,10504066.84,24396346.23
2025-11-04 01:00:00,2.337,2.349,2.324,2.342,8478504.96,19811477.8
2025-11-04 02:00:00,2.342,2.352,2.334,2.339,5691074.69,13337995.12
2025-11-04 03:00:00,2.339,2.363,2.334,2.357,7403223.77,17420904.0
2025-11-04 04:00:00,2.357,2.365,2.337,2.338,6571281.65,15439407.91
2025-11-04 05:00:00,2.338,2.341,2.245,2.25,17380380.57,39752102.48
2025-11-04 06:00:00,2.25,2.308,2.249,2.274,12032624.24,27403168.17
2025-11-04 07:00:00,2.274,2.281,2.232,2.243,15507754.36,34927856.44
2025-11-04 08:00:00,2.243,2.278,2.229,2.262,11077341.2,24966984.43
2025-11-04 09:00:00,2.262,2.268,2.248,2.265,8072740.94,18225064.57
2025-11-04 10:00:00,2.265,2.276,2.257,2.266,9380507.24,21243968.69
2025-11-04 11:00:00,2.266,2.284,2.262,2.28,7091832.02,16131184.13
2025-11-04 12:00:00,2.28,2.29,2.26,2.264,6819408.4,15502507.81
2025-11-04 13:00:00,2.264,2.277,2.256,2.261,8787983.96,19921727.26
2025-11-04 14:00:00,2.261,2.312,2.242,2.304,17538602.51,39772902.98
2025-11-04 15:00:00,2.304,2.326,2.275,2.282,11771205.3,27141200.18
2025-11-04 16:00:00,2.282,2.295,2.231,2.239,15918927.93,35902930.15
2025-11-04 17:00:00,2.239,2.258,2.196,2.23,25532546.93,56766293.59
2025-11-04 18:00:00,2.23,2.23,2.154,2.21,30415284.39,66521040.25
2025-11-04 19:00:00,2.21,2.223,2.166,2.168,15390366.5,33810082.96
2025-11-04 20:00:00,2.168,2.189,2.098,2.158,38796272.16,83235421.92
2025-11-04 21:00:00,2.158,2.169,2.067,2.155,32424643.35,68691506.05
2025-11-04 22:00:00,2.155,2.224,2.143,2.218,24043903.13,52717828.41
2025-11-04 23:00:00,2.218,2.229,2.204,2.205,13818265.72,30605528.73
2025-11-05 00:00:00,2.205,2.211,2.161,2.174,12837353.5,28046924.66
2025-11-05 01:00:00,2.174,2.18,2.102,2.172,19976419.18,42646143.14
2025-11-05 02:00:00,2.172,2.228,2.172,2.226,19608344.49,43257756.01
2025-11-05 03:00:00,2.226,2.253,2.216,2.237,12124061.09,27113090.28
2025-11-05 04:00:00,2.237,2.256,2.226,2.245,8661770.65,19426496.19
2025-11-05 05:00:00,2.245,2.26,2.237,2.243,7141340.95,16064315.08
2025-11-05 06:00:00,2.243,2.253,2.231,2.251,5827428.34,13052547.66
2025-11-05 07:00:00,2.251,2.253,2.232,2.247,4467794.07,10020946.24
2025-11-05 08:00:00,2.247,2.247,2.205,2.222,7623752.74,16939527.56
2025-11-05 09:00:00,2.222,2.239,2.219,2.238,5712582.73,12750150.74
2025-11-05 10:00:00,2.238,2.24,2.209,2.211,5168020.72,11502989.3
2025-11-05 11:00:00,2.211,2.244,2.211,2.237,5198443.15,11597043.51
2025-11-05 12:00:00,2.237,2.253,2.231,2.249,6477949.94,14522704.13
2025-11-05 13:00:00,2.249,2.288,2.241,2.263,10275210.07,23212328.45
2025-11-05 14:00:00,2.263,2.285,2.241,2.261,14130467.93,32003629.8
2025-11-05 15:00:00,2.261,2.277,2.251,2.276,8944116.63,20249879.04
2025-11-05 16:00:00,2.276,2.29,2.254,2.286,14183179.54,32160900.64
2025-11-05 17:00:00,2.286,2.289,2.267,2.286,9032591.56,20567329.83
2025-11-05 18:00:00,2.286,2.309,2.278,2.305,12173849.1,27891534.48
2025-11-05 19:00:00,2.305,2.326,2.293,2.323,13403515.85,30986171.26
2025-11-05 20:00:00,2.323,2.377,2.318,2.36,21246319.71,49959126.21
2025-11-05 21:00:00,2.36,2.371,2.339,2.34,18296303.55,42997768.78
2025-11-05 22:00:00,2.34,2.36,2.33,2.353,7954371.01,18642984.07
2025-11-05 23:00:00,2.353,2.359,2.342,2.343,8158508.43,19166085.65
2025-11-06 00:00:00,2.343,2.354,2.335,2.345,8169963.93,19138848.23
2025-11-06 01:00:00,2.345,2.345,2.31,2.34,11171740.48,26031549.17
2025-11-06 02:00:00,2.34,2.415,2.323,2.387,16232092.51,38426037.3
2025-11-06 03:00:00,2.387,2.39,2.354,2.359,9622354.75,22772201.69
2025-11-06 04:00:00,2.359,2.364,2.347,2.363,3966906.76,9338200.5
2025-11-06 05:00:00,2.363,2.363,2.327,2.33,3961660.17,9259264.55
2025-11-06 06:00:00,2.33,2.337,2.318,2.319,5434294.64,12650964.86
2025-11-06 07:00:00,2.319,2.332,2.313,2.326,3644838.32,8469939.02
2025-11-06 08:00:00,2.326,2.333,2.315,2.322,3506437.18,8149364.82
2025-11-06 09:00:00,2.322,2.326,2.301,2.306,6688089.28,15446043.51
2025-11-06 10:00:00,2.306,2.317,2.296,2.306,5270545.72,12154414.67
2025-11-06 11:00:00,2.306,2.308,2.288,2.3,7774327.76,17853092.01
2025-11-06 12:00:00,2.3,2.302,2.276,2.28,7069955.12,16174465.55
2025-11-06 13:00:00,2.28,2.31,2.278,2.302,7687139.19,17665413.67
2025-11-06 14:00:00,2.302,2.306,2.256,2.258,12509588.91,28488901.9
2025-11-06 15:00:00,2.258,2.271,2.228,2.233,15486256.88,34802399.35
2025-11-06 16:00:00,2.233,2.249,2.208,2.227,11500370.77,25624788.28
2025-11-06 17:00:00,2.227,2.246,2.214,2.239,16335798.77,36437439.31
2025-11-06 18:00:00,2.239,2.244,2.21,2.231,13542168.8,30138487.35
2025-11-06 19:00:00,2.231,2.232,2.202,2.211,8346620.54,18508689.72
2025-11-06 20:00:00,2.211,2.225,2.179,2.194,14043553.76,30868639.41
2025-11-06 21:00:00,2.194,2.218,2.179,2.214,11449267.51,25230064.45
2025-11-06 22:00:00,2.214,2.223,2.207,2.219,6723315.35,14899062.13
2025-11-06 23:00:00,2.219,2.219,2.198,2.212,5749943.86,12684689.62
2025-11-07 00:00:00,2.212,2.227,2.203,2.219,7476506.53,16558358.3
2025-11-07 01:00:00,2.219,2.224,2.192,2.217,8080017.02,17849580.8
2025-11-07 02:00:00,2.217,2.222,2.202,2.221,5518589.67,12213128.42
2025-11-07 03:00:00,2.221,2.236,2.22,2.228,5505136.64,12269365.54
2025-11-07 04:00:00,2.228,2.23,2.211,2.221,4766997.45,10576233.1
2025-11-07 05:00:00,2.221,2.237,2.219,2.235,4924624.72,10985521.66
2025-11-07 06:00:00,2.235,2.239,2.221,2.222,3087328.16,6885935.35
2025-11-07 07:00:00,2.222,2.233,2.216,2.233,3261406.31,7257182.32
2025-11-07 08:00:00,2.233,2.234,2.217,2.218,3762086.19,8365306.42
2025-11-07 09:00:00,2.218,2.219,2.192,2.2,4637917.45,10219368.92
2025-11-07 10:00:00,2.2,2.21,2.177,2.184,5795864.59,12706235.97
2025-11-07 11:00:00,2.184,2.194,2.163,2.187,8856576.92,19295770.98
2025-11-07 12:00:00,2.187,2.197,2.153,2.168,13825336.49,29983223.87
2025-11-07 13:00:00,2.168,2.197,2.157,2.185,11256067.66,24541697.82
2025-11-07 14:00:00,2.185,2.214,2.151,2.203,19537295.71,42663240.16
2025-11-07 15:00:00,2.203,2.219,2.187,2.211,21690004.72,47786820.68
2025-11-07 16:00:00,2.211,2.284,2.201,2.263,28830038.61,64709126.45
2025-11-07 17:00:00,2.263,2.338,2.25,2.308,24961665.17,57355854.82
2025-11-07 18:00:00,2.308,2.348,2.299,2.335,15490914.99,36033770.82
2025-11-07 19:00:00,2.335,2.354,2.323,2.352,9796311.74,22927447.21
2025-11-07 20:00:00,2.352,2.372,2.333,2.364,16001648.82,37658998.93
2025-11-07 21:00:00,2.364,2.365,2.334,2.342,10233309.35,24016370.33
2025-11-07 22:00:00,2.342,2.348,2.325,2.329,6018714.18,14058360.46
2025-11-07 23:00:00,2.329,2.33,2.309,2.314,9956698.54,23075949.9
2025-11-08 00:00:00,2.314,2.325,2.298,2.299,8418488.03,19470530.61
2025-11-08 01:00:00,2.299,2.317,2.298,2.308,5961553.36,13763559.86
2025-11-08 02:00:00,2.308,2.331,2.303,2.316,7718762.31,17915363.5
2025-11-08 03:00:00,2.316,2.336,2.312,2.318,7541685.69,17522257.76
2025-11-08 04:00:00,2.318,2.335,2.318,2.326,5902266.07,13733176.21
2025-11-08 05:00:00,2.326,2.333,2.309,2.314,4269004.22,9908652.7
2025-11-08 06:00:00,2.314,2.323,2.294,2.322,6779153.99,15632514.99
2025-11-08 07:00:00,2.322,2.328,2.299,2.322,3162357.74,7316466.38
2025-11-08 08:00:00,2.322,2.333,2.313,2.321,2914341.94,6776396.0
2025-11-08 09:00:00,2.321,2.326,2.307,2.311,2523526.1,5846372.12
2025-11-08 10:00:00,2.311,2.319,2.308,2.312,2451692.42,5674076.94
2025-11-08 11:00:00,2.312,2.317,2.29,2.295,3728861.48,8589486.5
2025-11-08 12:00:00,2.295,2.301,2.287,2.293,2971101.52,6812712.93
2025-11-08 13:00:00,2.293,2.295,2.275,2.278,4169209.31,9516013.08
2025-11-08 14:00:00,2.278,2.296,2.262,2.276,9208942.04,20944978.89
2025-11-08 15:00:00,2.276,2.277,2.242,2.255,7126910.66,16094387.56
2025-11-08 16:00:00,2.255,2.272,2.251,2.264,5010178.99,11334571.16
2025-11-08 17:00:00,2.264,2.271,2.253,2.27,4594793.26,10394147.36
2025-11-08 18:00:00,2.27,2.279,2.262,2.278,3454989.94,7844978.65
2025-11-08 19:00:00,2.278,2.278,2.254,2.273,3163916.92,7169704.7
2025-11-08 20:00:00,2.273,2.28,2.271,2.278,2164615.53,4926021.29
2025-11-08 21:00:00,2.278,2.289,2.274,2.286,4625043.33,10555756.33
2025-11-08 22:00:00,2.286,2.288,2.279,2.287,2491251.54,5689809.51
2025-11-08 23:00:00,2.287,2.287,2.281,2.286,2137766.46,4881822.14
2025-11-09 00:00:00,2.286,2.287,2.271,2.274,2282232.48,5200494.83
2025-11-09 01:00:00,2.274,2.286,2.27,2.284,2498321.15,5691456.45
2025-11-09 02:00:00,2.284,2.284,2.255,2.258,3987876.76,9048033.56
2025-11-09 03:00:00,2.258,2.264,2.239,2.254,6069238.11,13653881.79
2025-11-09 04:00:00,2.254,2.265,2.251,2.261,5483051.95,12375616.93
2025-11-09 05:00:00,2.261,2.273,2.253,2.271,3566111.32,8078763.97
2025-11-09 06:00:00,2.271,2.287,2.268,2.279,2269938.13,5171724.38
2025-11-09 07:00:00,2.279,2.298,2.278,2.296,3223001.92,7384665.08
2025-11-09 08:00:00,2.296,2.296,2.275,2.28,2609036.61,5964491.12
2025-11-09 09:00:00,2.28,2.291,2.269,2.269,2387178.07,5444170.95
2025-11-09 10:00:00,2.269,2.269,2.252,2.266,3403689.04,7694588.44
2025-11-09 11:00:00,2.266,2.28,2.266,2.275,4510761.8,10262477.68
2025-11-09 12:00:00,2.275,2.283,2.27,2.275,2609313.04,5940219.21
2025-11-09 13:00:00,2.275,2.286,2.271,2.278,2916955.42,6651096.19
2025-11-09 14:00:00,2.278,2.328,2.267,2.291,9559583.28,21991161.26
2025-11-09 15:00:00,2.291,2.333,2.289,2.315,6980481.82,16152546.81
2025-11-09 16:00:00,2.315,2.331,2.301,2.326,4668932.6,10812137.47
2025-11-09 17:00:00,2.326,2.326,2.303,2.309,4325987.74,10008105.38
2025-11-09 18:00:00,2.309,2.33,2.302,2.327,3442461.73,7963794.31
2025-11-09 19:00:00,2.327,2.35,2.323,2.349,6213123.46,14518771.32
2025-11-09 20:00:00,2.349,2.355,2.336,2.34,5660177.99,13274781.9
2025-11-09 21:00:00,2.34,2.344,2.332,2.338,4160191.4,9719481.55
2025-11-09 22:00:00,2.338,2.354,2.324,2.354,4060839.97,9499727.3
2025-11-09 23:00:00,2.354,2.394,2.354,2.366,12542823.62,29722135.57
2025-11-10 00:00:00,2.366,2.428,2.346,2.416,17201134.49,41173876.61
2025-11-10 01:00:00,2.416,2.428,2.395,2.399,12248182.83,29481508.89
2025-11-10 02:00:00,2.399,2.424,2.386,2.424,7767231.64,18670638.89
2025-11-10 03:00:00,2.424,2.477,2.424,2.461,21116997.81,51811098.45
2025-11-10 04:00:00,2.461,2.473,2.452,2.465,7617254.17,18756372.0
2025-11-10 05:00:00,2.465,2.471,2.439,2.453,6115641.11,15007559.27
2025-11-10 06:00:00,2.453,2.475,2.442,2.472,4647237.77,11432320.96
2025-11-10 07:00:00,2.472,2.492,2.468,2.48,5116827.79,12688981.48
2025-11-10 08:00:00,2.48,2.498,2.47,2.496,5410809.29,13420876.3
2025-11-10 09:00:00,2.496,2.544,2.484,2.538,8791258.3,22101411.8
2025-11-10 10:00:00,2.538,2.551,2.523,2.54,9576361.53,24304609.28
2025-11-10 11:00:00,2.54,2.572,2.538,2.541,9087082.24,23196276.76
2025-11-10 12:00:00,2.541,2.544,2.522,2.529,6963369.0,17634747.95
2025-11-10 13:00:00,2.529,2.57,2.529,2.557,8773720.45,22447165.19
2025-11-10 14:00:00,2.557,2.561,2.497,2.509,16477155.74,41705857.69
2025-11-10 15:00:00,2.509,2.535,2.499,2.529,13734710.27,34621689.34
2025-11-10 16:00:00,2.529,2.557,2.513,2.528,13110281.78,33207877.2
2025-11-10 17:00:00,2.528,2.563,2.524,2.55,10786518.48,27492840.89
2025-11-10 18:00:00,2.55,2.553,2.533,2.538,8713884.55,22160480.61
2025-11-10 19:00:00,2.538,2.561,2.537,2.549,6580546.85,16795641.56
2025-11-10 20:00:00,2.549,2.581,2.543,2.563,18772009.97,48148326.02
2025-11-10 21:00:00,2.563,2.565,2.511,2.517,17121292.53,43349200.92
2025-11-10 22:00:00,2.517,2.534,2.513,2.531,5863711.26,14806929.28
2025-11-10 23:00:00,2.531,2.54,2.522,2.525,6573555.83,16635557.13
2025-11-11 00:00:00,2.525,2.546,2.513,2.54,9933818.81,25143120.45
2025-11-11 01:00:00,2.54,2.569,2.52,2.524,10512850.11,26763404.33
2025-11-11 02:00:00,2.524,2.558,2.515,2.537,8556394.2,21698628.03
2025-11-11 03:00:00,2.537,2.547,2.529,2.53,5209893.15,13222207.23
2025-11-11 04:00:00,2.53,2.532,2.494,2.5,6967041.68,17503091.92
2025-11-11 05:00:00,2.5,2.502,2.473,2.475,6288595.43,15636172.37
2025-11-11 06:00:00,2.475,2.477,2.457,2.473,9001289.86,22191612.11
2025-11-11 07:00:00,2.473,2.48,2.445,2.447,5893448.93,14490891.15
2025-11-11 08:00:00,2.447,2.459,2.44,2.454,5738185.39,14052354.44
2025-11-11 09:00:00,2.454,2.467,2.453,2.457,4729108.91,11631432.45
2025-11-11 10:00:00,2.457,2.467,2.456,2.463,3360357.2,8276593.81
2025-11-11 11:00:00,2.463,2.47,2.456,2.461,2944555.44,7251227.57
2025-11-11 12:00:00,2.461,2.467,2.449,2.457,5053050.15,12415789.47
2025-11-11 13:00:00,2.457,2.471,2.441,2.445,7366662.22,18091572.47
2025-11-11 14:00:00,2.445,2.466,2.433,2.463,10183620.77,24889223.67
2025-11-11 15:00:00,2.463,2.463,2.426,2.437,8109641.27,19802182.22
2025-11-11 16:00:00,2.437,2.441,2.426,2.431,5476225.62,13333304.12
2025-11-11 17:00:00,2.431,2.441,2.41,2.43,6777402.75,16437703.72
2025-11-11 18:00:00,2.43,2.439,2.422,2.425,4599976.13,11175116.36
2025-11-11 19:00:00,2.425,2.432,2.41,2.416,5741089.76,13899924.73
2025-11-11 20:00:00,2.416,2.422,2.399,2.407,8231863.37,19819333.5
2025-11-11 21:00:00,2.407,2.417,2.386,2.387,7407776.69,17773026.33
2025-11-11 22:00:00,2.387,2.412,2.379,2.402,6182148.57,14794575.39
2025-11-11 23:00:00,2.402,2.403,2.387,2.391,7227695.87,17304972.81
2025-11-12 00:00:00,2.391,2.406,2.381,2.383,5466685.28,13094716.03
2025-11-12 01:00:00,2.383,2.413,2.381,2.405,7906030.13,19012779.93
2025-11-12 02:00:00,2.405,2.405,2.382,2.393,6100311.06,14600072.0
2025-11-12 03:00:00,2.393,2.403,2.39,2.399,2802045.3,6720431.65
2025-11-12 04:00:00,2.399,2.399,2.388,2.395,2735916.55,6548518.2
2025-11-12 05:00:00,2.395,2.408,2.391,2.4,2744701.32,6590281.03
2025-11-12 06:00:00,2.4,2.404,2.389,2.389,3321807.84,7960438.26
2025-11-12 07:00:00,2.389,2.393,2.366,2.374,6594566.93,15696815.58
2025-11-12 08:00:00,2.374,2.416,2.373,2.406,5801320.08,13918006.32
2025-11-12 09:00:00,2.406,2.428,2.402,2.42,5570783.04,13473451.04
2025-11-12 10:00:00,2.42,2.432,2.417,2.423,4469995.73,10836261.76
2025-11-12 11:00:00,2.423,2.439,2.423,2.439,6533950.49,15908213.64
2025-11-12 12:00:00,2.439,2.447,2.433,2.444,4939229.51,12055917.49
2025-11-12 13:00:00,2.444,2.449,2.429,2.447,5597417.15,13661348.03
2025-11-12 14:00:00,2.447,2.449,2.396,2.413,11387482.75,27635441.45
2025-11-12 15:00:00,2.413,2.424,2.364,2.368,16436766.35,39282933.51
2025-11-12 16:00:00,2.368,2.373,2.327,2.338,21554590.73,50509112.11
2025-11-12 17:00:00,2.338,2.357,2.326,2.349,8983521.62,21035485.25
2025-11-12 18:00:00,2.349,2.356,2.342,2.344,6749772.9,15851796.39
2025-11-12 19:00:00,2.344,2.352,2.316,2.338,10067944.62,23479879.89
2025-11-12 20:00:00,2.338,2.357,2.333,2.354,8255425.47,19376489.06
2025-11-12 21:00:00,2.354,2.394,2.354,2.393,8770426.11,20828826.8
2025-11-12 22:00:00,2.393,2.394,2.364,2.379,6289288.14,14929133.26
2025-11-12 23:00:00,2.379,2.391,2.368,2.388,6087972.9,14497535.35
2025-11-13 00:00:00,2.388,2.406,2.382,2.392,6706023.01,16044268.37
2025-11-13 01:00:00,2.392,2.417,2.392,2.404,6985895.38,16796723.06
2025-11-13 02:00:00,2.404,2.426,2.404,2.422,6273142.72,15155778.24
2025-11-13 03:00:00,2.422,2.512,2.39,2.483,21248143.47,52379584.41
2025-11-13 04:00:00,2.483,2.49,2.451,2.473,15763586.98,38961149.54
2025-11-13 05:00:00,2.473,2.5,2.457,2.495,7691679.95,19047476.74
2025-11-13 06:00:00,2.495,2.519,2.491,2.502,8459683.99,21204580.04
2025-11-13 07:00:00,2.502,2.52,2.483,2.487,7772569.69,19456182.98
2025-11-13 08:00:00,2.487,2.513,2.486,2.501,4485673.96,11217262.2
2025-11-13 09:00:00,2.501,2.51,2.472,2.498,5648756.73,14084165.37
2025-11-13 10:00:00,2.498,2.526,2.495,2.5,7147048.57,17947822.89
2025-11-13 11:00:00,2.5,2.514,2.487,2.495,6428734.9,16065094.23
2025-11-13 12:00:00,2.495,2.5,2.472,2.481,7294311.17,18111512.62
2025-11-13 13:00:00,2.481,2.487,2.447,2.459,10864414.35,26803884.56
2025-11-13 14:00:00,2.459,2.518,2.448,2.503,20305357.51,50244802.94
2025-11-13 15:00:00,2.503,2.503,2.42,2.434,17476974.69,42901534.72
2025-11-13 16:00:00,2.434,2.444,2.395,2.4,11903437.45,28771332.31
2025-11-13 17:00:00,2.4,2.409,2.353,2.355,14935299.67,35551173.72
2025-11-13 18:00:00,2.355,2.375,2.327,2.34,17676752.33,41541046.54
2025-11-13 19:00:00,2.34,2.354,2.311,2.314,17292566.93,40308535.95
2025-11-13 20:00:00,2.314,2.321,2.276,2.298,20005069.9,46000687.14
2025-11-13 21:00:00,2.298,2.306,2.278,2.291,11905039.67,27289284.47
2025-11-13 22:00:00,2.291,2.33,2.283,2.328,11153182.77,25774572.0
2025-11-13 23:00:00,2.328,2.345,2.308,2.321,10375589.61,24173360.67
2025-11-14 00:00:00,2.321,2.331,2.29,2.296,12272382.72,28331659.09
2025-11-14 01:00:00,2.296,2.316,2.289,2.307,8408656.21,19359423.53
2025-11-14 02:00:00,2.307,2.337,2.306,2.327,7044721.3,16378329.15
2025-11-14 03:00:00,2.327,2.329,2.303,2.315,5538202.2,12805394.7
2025-11-14 04:00:00,2.315,2.315,2.246,2.289,14859969.47,33825226.93
2025-11-14 05:00:00,2.289,2.318,2.281,2.313,9447570.4,21729280.87
2025-11-14 06:00:00,2.313,2.319,2.267,2.318,8745278.44,20059226.17
2025-11-14 07:00:00,2.318,2.326,2.297,2.306,6273330.38,14498123.86
2025-11-14 08:00:00,2.306,2.309,2.283,2.295,5335934.45,12246309.87
2025-11-14 09:00:00,2.295,2.308,2.274,2.277,5269676.51,12053660.78
2025-11-14 10:00:00,2.277,2.299,2.276,2.285,4135283.47,9453584.45
2025-11-14 11:00:00,2.285,2.289,2.256,2.268,8001243.82,18154312.11
2025-11-14 12:00:00,2.268,2.294,2.226,2.285,22995098.65,51893432.7
2025-11-14 13:00:00,2.285,2.299,2.252,2.27,14276348.14,32384153.8
2025-11-14 14:00:00,2.27,2.313,2.245,2.301,15727692.43,35908326.76
2025-11-14 15:00:00,2.301,2.326,2.282,2.311,14961953.17,34472876.4
2025-11-14 16:00:00,2.311,2.339,2.29,2.331,15926448.46,36928612.65
2025-11-14 17:00:00,2.331,2.338,2.298,2.309,14038871.98,32622845.84
2025-11-14 18:00:00,2.309,2.327,2.283,2.291,17603370.14,40550989.64
2025-11-14 19:00:00,2.291,2.319,2.275,2.311,14254933.93,32795273.51
2025-11-14 20:00:00,2.311,2.315,2.251,2.261,20467580.52,46638824.2
2025-11-14 21:00:00,2.261,2.288,2.256,2.276,9543355.2,21704794.82
2025-11-14 22:00:00,2.276,2.285,2.253,2.26,8729511.21,19816115.28
2025-11-14 23:00:00,2.26,2.264,2.225,2.243,11451696.35,25710774.65
2025-11-15 00:00:00,2.243,2.269,2.241,2.268,6662532.75,15049385.13
2025-11-15 01:00:00,2.268,2.283,2.254,2.279,6122809.63,13895491.23
2025-11-15 02:00:00,2.279,2.3,2.27,2.299,5203772.0,11888766.67
2025-11-15 03:00:00,2.299,2.302,2.291,2.293,4004967.46,9193019.66
2025-11-15 04:00:00,2.293,2.295,2.275,2.282,3157570.0,7213273.86
2025-11-15 05:00:00,2.282,2.286,2.272,2.275,3258615.27,7426585.57
2025-11-15 06:00:00,2.275,2.292,2.273,2.279,3540251.14,8081811.72
2025-11-15 07:00:00,2.279,2.287,2.274,2.285,2809239.57,6409374.78
2025-11-15 08:00:00,2.285,2.286,2.241,2.25,5918519.15,13389886.82
2025-11-15 09:00:00,2.25,2.266,2.245,2.257,3414740.67,7711385.99
2025-11-15 10:00:00,2.257,2.265,2.249,2.264,2811135.52,6343149.31
2025-11-15 11:00:00,2.264,2.266,2.252,2.257,1768466.2,3994558.74
2025-11-15 12:00:00,2.257,2.264,2.244,2.261,3083258.44,6950840.81
2025-11-15 13:00:00,2.261,2.278,2.256,2.269,5148590.66,11670422.24
2025-11-15 14:00:00,2.269,2.273,2.255,2.259,3980300.73,9003926.03
2025-11-15 15:00:00,2.259,2.26,2.249,2.254,3619598.43,8160145.72
2025-11-15 16:00:00,2.254,2.255,2.228,2.247,6582918.85,14740750.93
2025-11-15 17:00:00,2.247,2.27,2.243,2.26,4480360.62,10096663.39
2025-11-15 18:00:00,2.26,2.266,2.252,2.258,4189594.79,9458181.89
2025-11-15 19:00:00,2.258,2.265,2.251,2.255,3485367.22,7869427.1
2025-11-15 20:00:00,2.255,2.26,2.236,2.24,3857785.85,8669113.36
2025-11-15 21:00:00,2.24,2.253,2.211,2.226,7546319.16,16820254.35
2025-11-15 22:00:00,2.226,2.242,2.221,2.238,5454243.08,12176034.93
2025-11-15 23:00:00,2.238,2.242,2.227,2.236,4575508.25,10225711.73
2025-11-16 00:00:00,2.236,2.237,2.203,2.217,8757993.53,19396222.91
2025-11-16 01:00:00,2.217,2.222,2.189,2.21,11024515.39,24304710.4
2025-11-16 02:00:00,2.21,2.25,2.205,2.244,7858410.14,17518122.14
2025-11-16 03:00:00,2.244,2.255,2.237,2.248,4747777.94,10667963.04
2025-11-16 04:00:00,2.248,2.253,2.238,2.246,3738199.23,8393432.2
2025-11-16 05:00:00,2.246,2.263,2.245,2.257,4226153.7,9537210.71
2025-11-16 06:00:00,2.257,2.269,2.253,2.26,2444106.77,5531375.93
2025-11-16 07:00:00,2.26,2.268,2.257,2.266,2320798.86,5252095.97
2025-11-16 08:00:00,2.266,2.27,2.252,2.264,2321940.39,5245691.18
2025-11-16 09:00:00,2.264,2.277,2.256,2.276,3935813.7,8912635.46
2025-11-16 10:00:00,2.276,2.279,2.268,2.269,2640878.01,6005701.63
2025-11-16 11:00:00,2.269,2.271,2.229,2.234,3924227.36,8812367.61
2025-11-16 12:00:00,2.234,2.245,2.225,2.234,3903945.23,8728743.95
2025-11-16 13:00:00,2.234,2.237,2.204,2.216,5455556.73,12122466.32
2025-11-16 14:00:00,2.216,2.23,2.209,2.223,4160143.82,9232952.67
2025-11-16 15:00:00,2.223,2.223,2.182,2.186,11932009.86,26273082.64
2025-11-16 16:00:00,2.186,2.199,2.161,2.17,16239643.25,35355921.89
2025-11-16 17:00:00,2.17,2.181,2.155,2.175,12886376.05,27948021.38
2025-11-16 18:00:00,2.175,2.229,2.173,2.188,14059190.74,30903872.06
2025-11-16 19:00:00,2.188,2.225,2.187,2.215,9113621.62,20138435.37
2025-11-16 20:00:00,2.215,2.229,2.205,2.205,4950185.63,10976778.82
2025-11-16 21:00:00,2.205,2.206,2.182,2.196,7030768.41,15423610.28
2025-11-16 22:00:00,2.196,2.226,2.172,2.207,8314967.11,18246054.29
2025-11-16 23:00:00,2.207,2.228,2.165,2.214,10297963.87,22688962.35
2025-11-17 00:00:00,2.214,2.249,2.197,2.241,9917642.8,22092884.19
2025-11-17 01:00:00,2.241,2.245,2.227,2.227,6242594.33,13954847.44
2025-11-17 02:00:00,2.227,2.245,2.224,2.239,6941302.7,15516418.05
2025-11-17 03:00:00,2.239,2.262,2.238,2.256,6353273.92,14308238.24
2025-11-17 04:00:00,2.256,2.267,2.248,2.251,5847426.9,13191527.93
2025-11-17 05:00:00,2.251,2.255,2.239,2.252,4507106.62,10129140.03
2025-11-17 06:00:00,2.252,2.263,2.249,2.26,3943145.38,8895625.74
2025-11-17 07:00:00,2.26,2.268,2.259,2.263,3288121.96,7441707.84
2025-11-17 08:00:00,2.263,2.273,2.262,2.265,4736876.03,10743232.37
2025-11-17 09:00:00,2.265,2.283,2.258,2.272,4062517.41,9235185.97
2025-11-17 10:00:00,2.272,2.277,2.265,2.272,2669728.29,6066011.4
2025-11-17 11:00:00,2.272,2.277,2.266,2.271,2940281.35,6677875.86
2025-11-17 12:00:00,2.271,2.271,2.255,2.26,3623503.6,8197787.55
2025-11-17 13:00:00,2.26,2.265,2.195,2.21,17471748.46,38868545.37
2025-11-17 14:00:00,2.21,2.304,2.194,2.253,24914644.44,56090958.48
2025-11-17 15:00:00,2.253,2.266,2.204,2.208,19751362.7,44013180.18
2025-11-17 16:00:00,2.208,2.22,2.169,2.218,19280125.46,42260057.44
2025-11-17 17:00:00,2.218,2.22,2.158,2.164,12139679.73,26482584.77
2025-11-17 18:00:00,2.164,2.172,2.14,2.148,23348545.68,50291770.66
2025-11-17 19:00:00,2.148,2.153,2.119,2.125,21706095.61,46308460.83
2025-11-17 20:00:00,2.125,2.151,2.112,2.148,20927726.58,44592054.87
2025-11-17 21:00:00,2.148,2.156,2.133,2.151,16210926.11,34775663.74
2025-11-17 22:00:00,2.151,2.171,2.143,2.162,11353933.92,24500991.64
2025-11-17 23:00:00,2.162,2.171,2.148,2.162,9360076.02,20193256.25
2025-11-18 00:00:00,2.162,2.167,2.113,2.15,16257608.17,34798095.4
2025-11-18 01:00:00,2.15,2.162,2.139,2.142,11371568.64,24469625.89
2025-11-18 02:00:00,2.142,2.165,2.112,2.124,11754759.86,25149652.46
2025-11-18 03:00:00,2.124,2.174,2.105,2.162,19345635.77,41340265.07
2025-11-18 04:00:00,2.162,2.168,2.133,2.165,13188508.77,28367549.92
2025-11-18 05:00:00,2.165,2.176,2.148,2.156,10903987.33,23571941.42
2025-11-18 06:00:00,2.156,2.165,2.134,2.14,7492150.74,16096035.51
2025-11-18 07:00:00,2.14,2.165,2.124,2.159,7212081.41,15485282.35
2025-11-18 08:00:00,2.159,2.196,2.159,2.186,7635635.54,16633391.02
2025-11-18 09:00:00,2.186,2.19,2.166,2.181,5625283.77,12253682.99
2025-11-18 10:00:00,2.181,2.192,2.18,2.192,4915467.55,10745095.89
2025-11-18 11:00:00,2.192,2.199,2.175,2.181,9531524.95,20846762.75
2025-11-18 12:00:00,2.181,2.193,2.169,2.185,7690175.72,16768682.31
2025-11-18 13:00:00,2.185,2.186,2.149,2.168,9056791.4,19622921.05
2025-11-18 14:00:00,2.168,2.199,2.161,2.17,16975837.8,36977295.24
2025-11-18 15:00:00,2.17,2.227,2.156,2.212,27825265.98,61246433.45
2025-11-18 16:00:00,2.212,2.238,2.2,2.224,18169672.73,40385290.83
2025-11-18 17:00:00,2.224,2.228,2.208,2.218,9621129.6,21348023.97
2025-11-18 18:00:00,2.218,2.236,2.217,2.229,6446723.05,14360114.66
2025-11-18 19:00:00,2.229,2.239,2.222,2.227,5878273.0,13117088.14
2025-11-18 20:00:00,2.227,2.24,2.222,2.226,7429820.74,16584541.48
2025-11-18 21:00:00,2.226,2.228,2.202,2.204,7984479.36,17697668.26
2025-11-18 22:00:00,2.204,2.233,2.204,2.226,8263390.58,18367914.56
2025-11-18 23:00:00,2.226,2.226,2.21,2.216,5520746.68,12231090.68
2025-11-19 00:00:00,2.216,2.217,2.192,2.206,7304561.12,16096022.0
2025-11-19 01:00:00,2.206,2.216,2.196,2.206,7025648.08,15489428.57
2025-11-19 02:00:00,2.206,2.218,2.201,2.209,5772179.19,12760513.81
2025-11-19 03:00:00,2.209,2.21,2.18,2.183,6001905.82,13161241.83
2025-11-19 04:00:00,2.183,2.186,2.167,2.167,5991542.26,13039102.83
2025-11-19 05:00:00,2.167,2.171,2.126,2.138,12799952.46,27411246.16
2025-11-19 06:00:00,2.138,2.151,2.132,2.15,8174524.61,17508279.24
2025-11-19 07:00:00,2.15,2.17,2.146,2.167,5142146.16,11100751.24
2025-11-19 08:00:00,2.167,2.169,2.149,2.153,6212039.41,13408302.92
2025-11-19 09:00:00,2.153,2.153,2.129,2.14,6820857.05,14597464.49
2025-11-19 10:00:00,2.14,2.149,2.131,2.132,4967122.33,10625284.09
2025-11-19 11:00:00,2.132,2.144,2.129,2.13,4713229.39,10078080.36
2025-11-19 12:00:00,2.13,2.142,2.124,2.14,10231977.23,21821152.87
2025-11-19 13:00:00,2.14,2.14,2.117,2.122,6997560.14,14890615.0
2025-11-19 14:00:00,2.122,2.126,2.097,2.123,17099152.5,36112761.88
2025-11-19 15:00:00,2.123,2.148,2.08,2.084,20910301.58,44122961.68
2025-11-19 16:00:00,2.084,2.101,2.072,2.079,20347090.59,42450580.56
2025-11-19 17:00:00,2.079,2.088,2.042,2.056,22751319.14,46874084.85
2025-11-19 18:00:00,2.056,2.068,2.034,2.046,15099077.13,30890412.84
2025-11-19 19:00:00,2.046,2.048,2.028,2.035,17958981.98,36583234.49
2025-11-19 20:00:00,2.035,2.053,2.024,2.049,22333527.97,45447255.21
2025-11-19 21:00:00,2.049,2.095,2.043,2.09,20291128.36,42063679.5
2025-11-19 22:00:00,2.09,2.095,2.069,2.091,10388133.84,21643396.43
2025-11-19 23:00:00,2.091,2.115,2.09,2.108,10268954.41,21630950.95
2025-11-20 00:00:00,2.108,2.124,2.094,2.109,8533847.7,18008645.07
2025-11-20 01:00:00,2.109,2.132,2.108,2.125,10955597.83,23269655.49
2025-11-20 02:00:00,2.125,2.137,2.122,2.129,7611464.33,16203641.04
2025-11-20 03:00:00,2.129,2.139,2.128,2.132,4588041.17,9785787.9
2025-11-20 04:00:00,2.132,2.145,2.118,2.144,7618910.72,16207717.12
2025-11-20 05:00:00,2.144,2.148,2.134,2.141,5879299.32,12585787.76
2025-11-20 06:00:00,2.141,2.146,2.117,2.128,6173985.39,13168322.35
2025-11-20 07:00:00,2.128,2.14,2.123,2.138,4058307.48,8649657.75
2025-11-20 08:00:00,2.138,2.139,2.125,2.128,3138248.77,6691550.09
2025-11-20 09:00:00,2.128,2.128,2.109,2.117,5381938.23,11400101.78
2025-11-20 10:00:00,2.117,2.125,2.111,2.119,3668965.86,7767564.01
2025-11-20 11:00:00,2.119,2.12,2.106,2.114,3970533.52,8390675.5
2025-11-20 12:00:00,2.114,2.129,2.109,2.124,5573085.85,11808289.47
2025-11-20 13:00:00,2.124,2.141,2.113,2.12,9103713.87,19342617.07
2025-11-20 14:00:00,2.12,2.136,2.092,2.121,16811373.63,35559934.27
2025-11-20 15:00:00,2.121,2.123,2.081,2.083,12077911.19,25340142.42
2025-11-20 16:00:00,2.083,2.085,2.0,2.008,37416355.18,75961341.96
2025-11-20 17:00:00,2.008,2.014,1.979,2.003,36056883.29,72014764.72
2025-11-20 18:00:00,2.003,2.012,1.983,1.987,20094900.05,40071435.78
2025-11-20 19:00:00,1.987,2.008,1.973,2.005,19298950.44,38374123.26
2025-11-20 20:00:00,2.005,2.018,1.986,2.002,15504573.71,31033977.32
2025-11-20 21:00:00,2.002,2.032,2.001,2.019,9657787.96,19496986.93
2025-11-20 22:00:00,2.019,2.051,2.018,2.04,11004733.93,22415950.33
2025-11-20 23:00:00,2.04,2.043,1.994,1.997,11978558.14,24132551.5
2025-11-21 00:00:00,1.997,2.02,1.997,2.014,9346155.97,18802592.75
2025-11-21 01:00:00,2.014,2.028,2.003,2.014,11245348.19,22672413.67
2025-11-21 02:00:00,2.014,2.015,1.961,1.962,16278492.19,32393693.0
2025-11-21 03:00:00,1.962,1.999,1.962,1.978,12647899.97,25095477.07
2025-11-21 04:00:00,1.978,1.988,1.955,1.983,15982039.93,31529212.9
2025-11-21 05:00:00,1.983,1.993,1.973,1.979,9242326.16,18327635.3
2025-11-21 06:00:00,1.979,1.983,1.952,1.966,8936238.17,17572039.98
2025-11-21 07:00:00,1.966,1.973,1.866,1.917,38681240.86,74062461.88
2025-11-21 08:00:00,1.917,1.954,1.912,1.93,12591146.63,24402051.78
2025-11-21 09:00:00,1.93,1.949,1.899,1.901,21195694.31,40714132.73
2025-11-21 10:00:00,1.901,1.912,1.885,1.896,15908446.32,30184780.63
2025-11-21 11:00:00,1.896,1.914,1.872,1.873,19631676.77,37146097.59
2025-11-21 12:00:00,1.873,1.921,1.818,1.907,47211408.46,88236857.0
2025-11-21 13:00:00,1.907,1.941,1.901,1.929,20145677.03,38727185.37
2025-11-21 14:00:00,1.929,1.964,1.914,1.95,22236018.61,43147367.97
2025-11-21 15:00:00,1.95,1.955,1.903,1.91,23570195.48,45365458.0
2025-11-21 16:00:00,1.91,1.956,1.884,1.955,26005612.4,49761870.81
2025-11-21 17:00:00,1.955,1.996,1.948,1.975,23742055.19,46982042.5
2025-11-21 18:00:00,1.975,1.985,1.929,1.964,23907168.11,46740647.83
2025-11-21 19:00:00,1.964,1.971,1.94,1.947,14238172.12,27876056.35
2025-11-21 20:00:00,1.947,1.952,1.921,1.942,20825817.43,40337855.25
2025-11-21 21:00:00,1.942,1.964,1.922,1.953,15811358.79,30717509.66
2025-11-21 22:00:00,1.953,1.961,1.907,1.908,9582946.91,18549283.34
2025-11-21 23:00:00,1.908,1.953,1.899,1.95,11945296.34,23021940.09
2025-11-22 00:00:00,1.95,1.956,1.93,1.943,9586548.23,18657072.39
2025-11-22 01:00:00,1.943,1.96,1.937,1.96,7775260.64,15169572.48
2025-11-22 02:00:00,1.96,1.962,1.937,1.95,6080438.85,11846078.05
2025-11-22 03:00:00,1.95,1.958,1.943,1.948,5337397.38,10407093.66
2025-11-22 04:00:00,1.948,1.949,1.914,1.935,8227247.22,15859426.85
2025-11-22 05:00:00,1.935,1.939,1.913,1.93,8691384.6,16727040.18
2025-11-22 06:00:00,1.93,1.956,1.92,1.953,6070938.43,11780681.57
2025-11-22 07:00:00,1.953,1.956,1.943,1.952,3559260.92,6943374.37
2025-11-22 08:00:00,1.952,1.952,1.907,1.914,7703913.97,14788349.33
2025-11-22 09:00:00,1.914,1.925,1.902,1.912,6489266.38,12426242.41
2025-11-22 10:00:00,1.912,1.92,1.898,1.901,5915020.38,11267827.39
2025-11-22 11:00:00,1.901,1.925,1.894,1.916,7265844.74,13899676.4
2025-11-22 12:00:00,1.916,1.917,1.893,1.903,9127765.67,17367332.69
2025-11-22 13:00:00,1.903,1.91,1.888,1.896,5439073.49,10317458.71
2025-11-22 14:00:00,1.896,1.929,1.895,1.927,7108405.47,13620618.35
2025-11-22 15:00:00,1.927,1.938,1.921,1.928,5295121.64,10209031.26
2025-11-22 16:00:00,1.928,1.95,1.927,1.944,7582659.54,14725756.4
2025-11-22 17:00:00,1.944,1.944,1.926,1.929,6892530.09,13338717.51
2025-11-22 18:00:00,1.929,1.932,1.921,1.931,5005653.89,9642047.44
2025-11-22 19:00:00,1.931,1.939,1.924,1.927,3943627.57,7614678.19
2025-11-22 20:00:00,1.927,1.936,1.919,1.927,5468909.67,10540133.07
2025-11-22 21:00:00,1.927,1.936,1.924,1.936,3920439.62,7564149.26
2025-11-22 22:00:00,1.936,1.966,1.929,1.957,7789223.02,15169961.89
2025-11-22 23:00:00,1.957,1.96,1.944,1.95,4732547.99,9238166.17
2025-11-23 00:00:00,1.95,1.962,1.949,1.959,7465440.71,14597054.16
2025-11-23 01:00:00,1.959,2.004,1.957,1.999,15105000.21,29968618.39
2025-11-23 02:00:00,1.999,2.05,1.996,2.031,16099786.45,32576306.92
2025-11-23 03:00:00,2.031,2.045,2.022,2.03,8144909.03,16541190.72
2025-11-23 04:00:00,2.03,2.075,2.029,2.064,14002779.5,28833763.75
2025-11-23 05:00:00,2.064,2.065,2.038,2.056,9439617.61,19362696.19
2025-11-23 06:00:00,2.056,2.058,2.035,2.036,6012641.64,12293325.59
2025-11-23 07:00:00,2.036,2.039,2.016,2.026,6770054.58,13715365.66
2025-11-23 08:00:00,2.026,2.038,2.026,2.037,3487397.02,7087792.31
2025-11-23 09:00:00,2.037,2.052,2.035,2.046,4472329.14,9145301.01
2025-11-23 10:00:00,2.046,2.047,2.031,2.034,3850629.75,7847854.08
2025-11-23 11:00:00,2.034,2.034,2.022,2.03,3369119.22,6835295.62
2025-11-23 12:00:00,2.03,2.05,2.029,2.041,5480022.91,11191023.69
2025-11-23 13:00:00,2.041,2.049,2.032,2.048,5487888.11,11199949.06
2025-11-23 14:00:00,2.048,2.062,2.037,2.039,8655212.74,17743023.66
2025-11-23 15:00:00,2.039,2.065,2.036,2.062,8950809.03,18398869.49
2025-11-23 16:00:00,2.062,2.079,2.051,2.053,12442619.39,25751616.09
2025-11-23 17:00:00,2.053,2.057,2.04,2.046,7506479.64,15373532.66
2025-11-23 18:00:00,2.046,2.074,2.045,2.061,7999708.75,16492110.93
2025-11-23 19:00:00,2.061,2.079,2.057,2.074,7852081.99,16262348.97
2025-11-23 20:00:00,2.074,2.084,2.066,2.068,7793295.55,16157373.59
2025-11-23 21:00:00,2.068,2.081,2.055,2.078,6559243.97,13562488.21
2025-11-23 22:00:00,2.078,2.082,2.059,2.074,5726874.1,11857617.54
2025-11-23 23:00:00,2.074,2.077,2.042,2.049,9128599.37,18738162.93
2025-11-24 00:00:00,2.049,2.066,2.023,2.047,13967342.85,28538704.67
2025-11-24 01:00:00,2.047,2.063,2.03,2.057,9212822.41,18828015.77
2025-11-24 02:00:00,2.057,2.107,2.056,2.091,18969566.6,39622866.62
2025-11-24 03:00:00,2.091,2.097,2.076,2.086,9067885.36,18902660.33
2025-11-24 04:00:00,2.086,2.087,2.045,2.057,10277137.44,21153725.24
2025-11-24 05:00:00,2.057,2.102,2.055,2.09,12468243.94,26019050.97
2025-11-24 06:00:00,2.09,2.092,2.063,2.071,6941587.78,14381848.79
2025-11-24 07:00:00,2.071,2.075,2.058,2.063,4064708.59,8394595.17
2025-11-24 08:00:00,2.063,2.076,2.055,2.073,4832273.81,9971370.04
2025-11-24 09:00:00,2.073,2.077,2.038,2.043,9760051.94,19986527.82
2025-11-24 10:00:00,2.043,2.064,2.042,2.06,4216580.32,8666067.47
2025-11-24 11:00:00,2.06,2.063,2.051,2.058,3373660.64,6938932.49
2025-11-24 12:00:00,2.058,2.069,2.048,2.064,5758048.76,11851226.6
2025-11-24 13:00:00,2.064,2.1,2.062,2.083,12627369.75,26341011.21
2025-11-24 14:00:00,2.083,2.101,2.048,2.073,18335159.81,38061605.93
2025-11-24 15:00:00,2.073,2.096,2.067,2.09,13787878.13,28698796.22
2025-11-24 16:00:00,2.09,2.121,2.087,2.118,15422777.3,32460981.67
2025-11-24 17:00:00,2.118,2.21,2.118,2.206,35192352.5,76245613.58
2025-11-24 18:00:00,2.206,2.229,2.185,2.218,29121684.83,64287935.51
2025-11-24 19:00:00,2.218,2.238,2.213,2.235,15544899.36,34605082.24
2025-11-24 20:00:00,2.235,2.287,2.231,2.244,33235578.64,75162614.36
2025-11-24 21:00:00,2.244,2.257,2.232,2.241,17352378.29,38899961.29
2025-11-24 22:00:00,2.241,2.258,2.233,2.24,10613919.42,23867201.39
2025-11-24 23:00:00,2.24,2.248,2.22,2.227,8442693.71,18844380.72
2025-11-25 00:00:00,2.227,2.265,2.225,2.259,9611877.42,21578452.18
2025-11-25 01:00:00,2.259,2.262,2.245,2.248,8149351.12,18363651.36
2025-11-25 02:00:00,2.248,2.254,2.232,2.251,7321139.75,16420086.7
2025-11-25 03:00:00,2.251,2.259,2.236,2.243,6565159.75,14746085.43
2025-11-25 04:00:00,2.243,2.25,2.234,2.247,5954455.79,13348857.87
2025-11-25 05:00:00,2.247,2.258,2.24,2.251,5464499.76,12293232.76
2025-11-25 06:00:00,2.251,2.253,2.232,2.237,4650900.58,10426394.72
2025-11-25 07:00:00,2.237,2.243,2.216,2.216,5794212.1,12921397.3
2025-11-25 08:00:00,2.216,2.22,2.187,2.189,9503655.77,20947249.22
2025-11-25 09:00:00,2.189,2.207,2.185,2.199,6699479.92,14704755.19
2025-11-25 10:00:00,2.199,2.21,2.19,2.208,4814830.56,10590766.83
2025-11-25 11:00:00,2.208,2.21,2.193,2.196,4240495.48,9331539.0
2025-11-25 12:00:00,2.196,2.219,2.194,2.218,7438827.9,16433421.96
2025-11-25 13:00:00,2.218,2.234,2.207,2.213,12340618.78,27390080.27
2025-11-25 14:00:00,2.213,2.217,2.169,2.178,14312168.35,31395722.7
2025-11-25 15:00:00,2.178,2.196,2.159,2.187,16216099.31,35289654.29
2025-11-25 16:00:00,2.187,2.209,2.177,2.192,8421412.73,18476887.0
2025-11-25 17:00:00,2.192,2.207,2.18,2.189,9411031.9,20637032.03
2025-11-25 18:00:00,2.189,2.203,2.179,2.182,7238758.4,15875193.53
2025-11-25 19:00:00,2.182,2.185,2.147,2.171,13589774.09,29341552.8
2025-11-25 20:00:00,2.171,2.215,2.164,2.197,19096390.07,41881612.68
2025-11-25 21:00:00,2.197,2.208,2.185,2.186,9563614.32,21020114.08
2025-11-25 22:00:00,2.186,2.21,2.169,2.208,7440267.59,16295054.13
2025-11-25 23:00:00,2.208,2.216,2.197,2.201,6947572.1,15329647.89
2025-11-26 00:00:00,2.201,2.208,2.191,2.194,5374713.09,11820671.86
2025-11-26 01:00:00,2.194,2.213,2.187,2.203,4896225.29,10768796.64
2025-11-26 02:00:00,2.203,2.208,2.19,2.191,3546505.04,7793833.64
2025-11-26 03:00:00,2.191,2.194,2.173,2.176,4822868.74,10530788.64
2025-11-26 04:00:00,2.176,2.179,2.17,2.176,3992928.56,8682540.24
2025-11-26 05:00:00,2.176,2.199,2.176,2.192,4034755.7,8835708.15
2025-11-26 06:00:00,2.192,2.203,2.185,2.199,3760051.46,8249342.43
2025-11-26 07:00:00,2.199,2.206,2.195,2.205,3134595.53,6895753.41
2025-11-26 08:00:00,2.205,2.206,2.188,2.188,3389626.27,7441279.95
2025-11-26 09:00:00,2.188,2.19,2.173,2.178,4146744.14,9042736.24
2025-11-26 10:00:00,2.178,2.185,2.169,2.173,3190331.9,6945199.93
2025-11-26 11:00:00,2.173,2.175,2.169,2.171,3613176.3,7847870.14
2025-11-26 12:00:00,2.171,2.176,2.146,2.151,7167870.08,15444601.86
2025-11-26 13:00:00,2.151,2.167,2.144,2.165,7737151.52,16681293.95
2025-11-26 14:00:00,2.165,2.18,2.148,2.152,8508488.96,18423529.5
2025-11-26 15:00:00,2.152,2.177,2.151,2.172,7918647.78,17139859.1
2025-11-26 16:00:00,2.172,2.2,2.171,2.19,8640812.31,18902757.32
2025-11-26 17:00:00,2.19,2.24,2.19,2.234,14479157.8,32147312.45
2025-11-26 18:00:00,2.234,2.254,2.224,2.242,15206499.19,34060082.99
2025-11-26 19:00:00,2.242,2.242,2.225,2.232,9448182.93,21108564.94
2025-11-26 20:00:00,2.232,2.233,2.212,2.227,13769430.8,30582975.37
2025-11-26 21:00:00,2.227,2.235,2.217,2.225,6252044.01,13925987.73
2025-11-26 22:00:00,2.225,2.233,2.22,2.224,4315343.72,9601627.94
2025-11-26 23:00:00,2.224,2.232,2.219,2.223,4338175.75,9652686.72
2025-11-27 00:00:00,2.223,2.233,2.213,2.221,5413914.69,12022358.17
2025-11-27 01:00:00,2.221,2.23,2.216,2.227,4733360.2,10516779.33
2025-11-27 02:00:00,2.227,2.234,2.219,2.22,6980138.56,15540981.14
2025-11-27 03:00:00,2.22,2.224,2.207,2.21,6254587.52,13841443.58
2025-11-27 04:00:00,2.21,2.221,2.209,2.213,3535200.86,7831006.38
2025-11-27 05:00:00,2.213,2.219,2.196,2.2,5118749.46,11297821.21
2025-11-27 06:00:00,2.2,2.215,2.2,2.209,3277801.74,7238778.47
2025-11-27 07:00:00,2.209,2.214,2.202,2.205,4228667.53,9330818.0
2025-11-27 08:00:00,2.205,2.205,2.189,2.2,3154691.46,6929621.06
2025-11-27 09:00:00,2.2,2.21,2.197,2.198,3393340.6,7471163.48
2025-11-27 10:00:00,2.198,2.198,2.184,2.189,3690528.27,8082571.14
2025-11-27 11:00:00,2.189,2.193,2.185,2.19,1977500.64,4329131.84
2025-11-27 12:00:00,2.19,2.192,2.173,2.175,5585949.2,12185286.79
2025-11-27 13:00:00,2.175,2.183,2.173,2.181,5541600.74,12075105.75
2025-11-27 14:00:00,2.181,2.188,2.177,2.183,4565730.63,9963228.85
2025-11-27 15:00:00,2.183,2.203,2.18,2.202,4447896.88,9759983.43
2025-11-27 16:00:00,2.202,2.219,2.198,2.217,5747604.71,12705157.62
2025-11-27 17:00:00,2.217,2.217,2.202,2.208,4291172.23,9478724.8
2025-11-27 18:00:00,2.208,2.231,2.206,2.229,4820721.11,10696305.3
2025-11-27 19:00:00,2.229,2.23,2.216,2.223,3635251.37,8079281.9
2025-11-27 20:00:00,2.223,2.233,2.223,2.227,4146217.11,9241187.14
2025-11-27 21:00:00,2.227,2.229,2.212,2.213,4541619.69,10086798.77
2025-11-27 22:00:00,2.213,2.219,2.198,2.205,4241870.37,9375694.23
2025-11-27 23:00:00,2.205,2.21,2.196,2.2,3150350.36,6942043.97
2025-11-28 00:00:00,2.2,2.204,2.191,2.192,4142857.74,9099446.65
2025-11-28 01:00:00,2.192,2.192,2.167,2.172,6285958.72,13712105.94
2025-11-28 02:00:00,2.172,2.187,2.167,2.185,4110254.94,8941229.05
2025-11-28 03:00:00,2.185,2.188,2.179,2.186,2779327.99,6069098.45
2025-11-28 04:00:00,2.186,2.194,2.181,2.19,3253121.5,7123270.64
2025-11-28 05:00:00,2.19,2.221,2.188,2.214,5320671.12,11732716.84
2025-11-28 06:00:00,2.214,2.219,2.196,2.2,4450723.22,9823144.11
2025-11-28 07:00:00,2.2,2.211,2.195,2.197,2458422.45,5417912.36
2025-11-28 08:00:00,2.197,2.244,2.197,2.243,5670378.8,12599543.66
2025-11-28 09:00:00,2.243,2.249,2.226,2.233,7239815.87,16196364.18
2025-11-28 10:00:00,2.233,2.233,2.219,2.225,2577458.21,5735966.87
2025-11-28 11:00:00,2.225,2.225,2.185,2.197,3599552.87,7915932.24
2025-11-28 12:00:00,2.197,2.203,2.194,2.196,3990933.49,8771918.26
2025-11-28 13:00:00,2.196,2.23,2.189,2.222,8387117.39,18518082.81
2025-11-28 14:00:00,2.222,2.233,2.202,2.215,11708374.76,25952841.53
2025-11-28 15:00:00,2.215,2.276,2.214,2.245,48375270.97,108705521.96
2025-11-28 16:00:00,2.245,2.252,2.19,2.191,21526144.13,47741549.89
2025-11-28 17:00:00,2.191,2.196,2.167,2.175,15699347.91,34226673.48
2025-11-28 18:00:00,2.175,2.18,2.157,2.172,10430015.17,22609489.6
2025-11-28 19:00:00,2.172,2.195,2.172,2.188,5566396.46,12167823.2
2025-11-28 20:00:00,2.188,2.192,2.173,2.189,6055882.99,13227489.59
2025-11-28 21:00:00,2.189,2.192,2.176,2.183,7094510.44,15507098.38
2025-11-28 22:00:00,2.183,2.19,2.175,2.188,5181494.99,11303052.81
2025-11-28 23:00:00,2.188,2.191,2.179,2.18,2989284.73,6527564.28
2025-11-29 00:00:00,2.18,2.187,2.174,2.181,3567536.91,7777842.44
2025-11-29 01:00:00,2.181,2.188,2.176,2.178,2949576.35,6433643.22
2025-11-29 02:00:00,2.178,2.184,2.173,2.181,3176494.47,6920073.92
2025-11-29 03:00:00,2.181,2.188,2.179,2.186,2225468.65,4859616.6
2025-11-29 04:00:00,2.186,2.19,2.18,2.189,2191496.7,4787255.4
2025-11-29 05:00:00,2.189,2.19,2.179,2.182,1879182.75,4107683.21
2025-11-29 06:00:00,2.182,2.189,2.167,2.184,3960654.56,8624398.52
2025-11-29 07:00:00,2.184,2.186,2.176,2.18,2224279.42,4851808.92
2025-11-29 08:00:00,2.18,2.184,2.175,2.182,2042277.46,4452949.93
2025-11-29 09:00:00,2.182,2.186,2.177,2.185,1879397.73,4098571.19
2025-11-29 10:00:00,2.185,2.188,2.18,2.187,2039962.95,4457629.95
2025-11-29 11:00:00,2.187,2.215,2.185,2.212,5342786.53,11771732.85
2025-11-29 12:00:00,2.212,2.223,2.205,2.214,5872334.7,12995193.22
2025-11-29 13:00:00,2.214,2.216,2.198,2.201,4359440.33,9617803.13
2025-11-29 14:00:00,2.201,2.212,2.193,2.204,3064346.16,6746713.97
2025-11-29 15:00:00,2.204,2.222,2.203,2.219,7419187.87,16432293.4
2025-11-29 16:00:00,2.219,2.222,2.207,2.217,4394428.76,9733505.76
2025-11-29 17:00:00,2.217,2.22,2.198,2.199,4672796.93,10322873.62
2025-11-29 18:00:00,2.199,2.205,2.191,2.202,6206548.15,13644809.65
2025-11-29 19:00:00,2.202,2.213,2.192,2.195,3718805.58,8192449.23
2025-11-29 20:00:00,2.195,2.211,2.188,2.21,3273868.11,7194624.36
2025-11-29 21:00:00,2.21,2.215,2.205,2.207,2741047.8,6055576.85
2025-11-29 22:00:00,2.207,2.21,2.199,2.203,1691045.41,3726978.3
2025-11-29 23:00:00,2.203,2.207,2.198,2.202,1851778.22,4077721.19
2025-11-30 00:00:00,2.202,2.206,2.199,2.2,1404114.18,3092028.7
2025-11-30 01:00:00,2.2,2.211,2.199,2.207,2256461.45,4979685.83
2025-11-30 02:00:00,2.207,2.213,2.197,2.199,2327047.01,5129923.31
2025-11-30 03:00:00,2.199,2.211,2.189,2.207,3268809.67,7191102.21
2025-11-30 04:00:00,2.207,2.21,2.198,2.2,5183334.21,11390775.88
2025-11-30 05:00:00,2.2,2.2,2.192,2.196,1468978.58,3225687.19
2025-11-30 06:00:00,2.196,2.2,2.192,2.195,1620886.02,3558851.32
2025-11-30 07:00:00,2.195,2.202,2.193,2.2,1460892.07,3210860.64
2025-11-30 08:00:00,2.2,2.21,2.191,2.192,2133424.75,4689344.44
2025-11-30 09:00:00,2.192,2.198,2.19,2.197,2048477.2,4494632.78
2025-11-30 10:00:00,2.197,2.197,2.189,2.19,2050920.91,4496343.23
2025-11-30 11:00:00,2.19,2.193,2.184,2.189,1639433.73,3587686.14
2025-11-30 12:00:00,2.189,2.203,2.185,2.197,1769954.53,3885087.9
2025-11-30 13:00:00,2.197,2.208,2.194,2.206,3601244.04,7932009.46
2025-11-30 14:00:00,2.206,2.206,2.19,2.195,2522281.88,5538130.83
2025-11-30 15:00:00,2.195,2.198,2.187,2.197,2227817.95,4881484.92
2025-11-30 16:00:00,2.197,2.215,2.196,2.21,4138352.81,9126468.29
2025-11-30 17:00:00,2.21,2.211,2.197,2.202,3151663.05,6940928.31
2025-11-30 18:00:00,2.202,2.207,2.196,2.203,2168598.68,4773386.54
2025-11-30 19:00:00,2.203,2.207,2.197,2.199,1918586.03,4223453.5
2025-11-30 20:00:00,2.199,2.203,2.189,2.196,2625479.16,5762503.34
2025-11-30 21:00:00,2.196,2.196,2.179,2.187,4030746.72,8815873.77
2025-11-30 22:00:00,2.187,2.197,2.186,2.192,2252361.74,4934592.08
2025-11-30 23:00:00,2.192,2.193,2.153,2.155,10336907.81,22450602.17
2025-12-01 00:00:00,2.155,2.161,2.058,2.058,44363958.72,93193987.02
2025-12-01 01:00:00,2.058,2.093,2.057,2.079,14511463.15,30178180.82
2025-12-01 02:00:00,2.079,2.088,2.056,2.065,11426739.6,23685022.04
2025-12-01 03:00:00,2.065,2.065,2.043,2.05,8988836.95,18449723.79
2025-12-01 04:00:00,2.05,2.054,2.029,2.03,10209648.86,20804085.85
2025-12-01 05:00:00,2.03,2.036,2.017,2.028,9491548.21,19231192.94
2025-12-01 06:00:00,2.028,2.05,2.028,2.048,5706803.11,11634425.77
2025-12-01 07:00:00,2.048,2.059,2.033,2.057,6871041.97,14062016.1
2025-12-01 08:00:00,2.057,2.059,2.048,2.057,4094930.68,8412386.15
2025-12-01 09:00:00,2.057,2.06,2.044,2.046,4334154.85,8885709.26
2025-12-01 10:00:00,2.046,2.048,2.038,2.042,3882588.26,7925603.48
2025-12-01 11:00:00,2.042,2.046,2.032,2.034,4412107.35,8999896.16
2025-12-01 12:00:00,2.034,2.036,2.002,2.028,9896183.33,20006496.29
2025-12-01 13:00:00,2.028,2.036,2.009,2.02,10126025.3,20460016.73
2025-12-01 14:00:00,2.02,2.049,2.014,2.032,10836900.44,22007858.02
2025-12-01 15:00:00,2.032,2.035,1.983,2.007,23724474.35,47601915.85
2025-12-01 16:00:00,2.007,2.01,1.986,1.99,18868292.24,37649804.76
2025-12-01 17:00:00,1.99,2.004,1.988,1.995,14708137.76,29361430.41
2025-12-01 18:00:00,1.995,2.012,1.994,2.005,10170142.78,20362307.44
2025-12-01 19:00:00,2.005,2.005,1.988,1.995,8351626.34,16662359.23
2025-12-01 20:00:00,1.995,2.027,1.994,2.012,14331682.39,28850096.71
2025-12-01 21:00:00,2.012,2.044,2.011,2.026,17951168.09,36408117.16
2025-12-01 22:00:00,2.026,2.043,2.019,2.034,9570491.12,19431923.17
2025-12-01 23:00:00,2.034,2.043,2.03,2.03,5017768.41,10217676.9
2025-12-02 00:00:00,2.03,2.031,2.013,2.021,6446528.02,13031337.89
2025-12-02 01:00:00,2.021,2.043,2.016,2.018,6462696.97,13100751.92
2025-12-02 02:00:00,2.018,2.032,2.01,2.022,7274945.71,14722502.96
2025-12-02 03:00:00,2.022,2.026,2.003,2.021,5294772.24,10666768.31
2025-12-02 04:00:00,2.021,2.028,2.015,2.016,3636209.28,7354035.52
2025-12-02 05:00:00,2.016,2.02,2.01,2.017,2782835.01,5606536.99
2025-12-02 06:00:00,2.017,2.026,2.01,2.024,4267540.13,8612176.59
2025-12-02 07:00:00,2.024,2.024,2.011,2.018,2688053.72,5420789.43
2025-12-02 08:00:00,2.018,2.018,1.995,2.003,5653767.4,11325684.86
2025-12-02 09:00:00,2.003,2.02,2.002,2.012,3707754.93,7464303.59
2025-12-02 10:00:00,2.012,2.038,2.012,2.029,4368058.56,8833835.65
2025-12-02 11:00:00,2.029,2.042,2.026,2.037,4215482.03,8573162.35
2025-12-02 12:00:00,2.037,2.042,2.027,2.04,5005166.75,10187397.84
2025-12-02 13:00:00,2.04,2.048,2.034,2.044,6982070.8,14260713.9
2025-12-02 14:00:00,2.044,2.094,2.041,2.093,15280489.06,31597133.63
2025-12-02 15:00:00,2.093,2.165,2.091,2.156,25054647.76,53498536.38
2025-12-02 16:00:00,2.156,2.162,2.135,2.147,18470725.33,39678069.94
2025-12-02 17:00:00,2.147,2.179,2.145,2.17,16326457.2,35329589.0
2025-12-02 18:00:00,2.17,2.181,2.166,2.175,11117448.83,24167564.67
2025-12-02 19:00:00,2.175,2.184,2.17,2.175,7871352.02,17132978.97
2025-12-02 20:00:00,2.175,2.179,2.149,2.165,15762783.86,34086212.18
2025-12-02 21:00:00,2.165,2.177,2.163,2.168,8949509.82,19430327.63
2025-12-02 22:00:00,2.168,2.174,2.164,2.17,5278126.32,11445710.92
2025-12-02 23:00:00,2.17,2.173,2.152,2.154,6699582.94,14494968.88
2025-12-03 00:00:00,2.154,2.158,2.142,2.153,8202568.75,17631421.28
2025-12-03 01:00:00,2.153,2.167,2.149,2.162,6464348.26,13943507.3
2025-12-03 02:00:00,2.162,2.19,2.16,2.184,13283578.6,28943996.54
2025-12-03 03:00:00,2.184,2.191,2.175,2.177,5539123.71,12084411.14
2025-12-03 04:00:00,2.177,2.2,2.174,2.2,10076086.51,22052199.81
2025-12-03 05:00:00,2.2,2.22,2.199,2.204,8917688.62,19697985.3
2025-12-03 06:00:00,2.204,2.215,2.192,2.195,8278367.03,18262620.06
2025-12-03 07:00:00,2.195,2.206,2.191,2.192,4279652.28,9406638.35
2025-12-03 08:00:00,2.192,2.196,2.187,2.188,2823431.33,6186332.55
2025-12-03 09:00:00,2.188,2.189,2.179,2.184,3609749.51,7883763.3
2025-12-03 10:00:00,2.184,2.191,2.173,2.174,4027513.72,8785136.24
2025-12-03 11:00:00,2.174,2.178,2.167,2.177,4486961.09,9749016.58
2025-12-03 12:00:00,2.177,2.181,2.172,2.178,4716537.65,10264699.49
2025-12-03 13:00:00,2.178,2.184,2.174,2.177,4696842.05,10233493.42
2025-12-03 14:00:00,2.177,2.199,2.143,2.168,18777115.73,40691416.81
2025-12-03 15:00:00,2.168,2.184,2.157,2.169,9688119.62,21040471.62
2025-12-03 16:00:00,2.169,2.181,2.16,2.169,7161783.15,15541677.58
2025-12-03 17:00:00,2.169,2.187,2.167,2.185,6694497.93,14573854.77
2025-12-03 18:00:00,2.185,2.193,2.169,2.174,7362204.19,16073473.13
2025-12-03 19:00:00,2.174,2.187,2.173,2.187,5647015.02,12316468.28
2025-12-03 20:00:00,2.187,2.203,2.183,2.199,7983895.82,17493211.98
2025-12-03 21:00:00,2.199,2.211,2.196,2.209,10863307.2,23922952.77
2025-12-03 22:00:00,2.209,2.214,2.195,2.204,10023305.6,22093866.78
2025-12-03 23:00:00,2.204,2.214,2.197,2.198,7306005.98,16106711.86
2025-12-04 00:00:00,2.198,2.207,2.187,2.195,5238387.05,11507787.11
2025-12-04 01:00:00,2.195,2.215,2.193,2.194,5745314.4,12658659.69
2025-12-04 02:00:00,2.194,2.209,2.192,2.202,4179303.8,9206594.05
2025-12-04 03:00:00,2.202,2.207,2.194,2.195,4125150.68,9064956.42
2025-12-04 04:00:00,2.195,2.2,2.185,2.188,3051650.18,6688060.99
2025-12-04 05:00:00,2.188,2.188,2.172,2.177,4154186.23,9058583.91
2025-12-04 06:00:00,2.177,2.185,2.175,2.181,3309774.92,7215109.38
2025-12-04 07:00:00,2.181,2.181,2.167,2.173,3480892.74,7559946.86
2025-12-04 08:00:00,2.173,2.179,2.161,2.164,3183683.08,6904392.68
2025-12-04 09:00:00,2.164,2.175,2.163,2.171,3657216.05,7939164.09
2025-12-04 10:00:00,2.171,2.173,2.157,2.159,4182222.25,9049976.85
2025-12-04 11:00:00,2.159,2.159,2.143,2.151,4926706.06,10596059.28
2025-12-04 12:00:00,2.151,2.156,2.139,2.147,5142588.45,11035331.65
2025-12-04 13:00:00,2.147,2.151,2.126,2.126,8751007.67,18716910.82
2025-12-04 14:00:00,2.126,2.139,2.114,2.12,9649441.08,20556878.39
2025-12-04 15:00:00,2.12,2.158,2.12,2.154,10062704.36,21525178.77
2025-12-04 16:00:00,2.154,2.158,2.133,2.138,10772603.18,23120690.6
2025-12-04 17:00:00,2.138,2.14,2.118,2.129,8395276.96,17861164.49
2025-12-04 18:00:00,2.129,2.129,2.099,2.104,12571000.52,26566548.97
2025-12-04 19:00:00,2.104,2.106,2.07,2.098,14258895.96,29768090.47
2025-12-04 20:00:00,2.098,2.11,2.087,2.107,8153402.33,17110413.64
2025-12-04 21:00:00,2.107,2.111,2.09,2.091,6084051.12,12781010.98
2025-12-04 22:00:00,2.091,2.106,2.091,2.098,4147630.59,8702973.9
2025-12-04 23:00:00,2.098,2.1,2.093,2.096,3200835.52,6711461.09
2025-12-05 00:00:00,2.096,2.113,2.095,2.105,4513390.7,9498784.51
2025-12-05 01:00:00,2.105,2.112,2.104,2.106,4420425.62,9321866.9
2025-12-05 02:00:00,2.106,2.112,2.103,2.105,3019902.74,6364955.88
2025-12-05 03:00:00,2.105,2.108,2.088,2.092,4120531.38,8637145.31
2025-12-05 04:00:00,2.092,2.099,2.079,2.086,3908029.61,8156245.69
2025-12-05 05:00:00,2.086,2.089,2.077,2.082,2927675.08,6097780.65
2025-12-05 06:00:00,2.082,2.09,2.082,2.09,3377296.73,7048980.45
2025-12-05 07:00:00,2.09,2.099,2.088,2.094,2999348.34,6280996.95
2025-12-05 08:00:00,2.094,2.094,2.076,2.08,3144500.23,6552227.02
2025-12-05 09:00:00,2.08,2.08,2.055,2.059,5074667.42,10477245.58
2025-12-05 10:00:00,2.059,2.07,2.056,2.063,4449474.69,9183604.16
2025-12-05 11:00:00,2.063,2.072,2.055,2.07,4359411.06,8991982.7
2025-12-05 12:00:00,2.07,2.075,2.066,2.069,4494155.3,9303802.0
2025-12-05 13:00:00,2.069,2.077,2.058,2.066,6531687.35,13509452.94
2025-12-05 14:00:00,2.066,2.074,2.057,2.066,7521278.76,15530283.71
2025-12-05 15:00:00,2.066,2.101,2.066,2.077,16694455.67,34835360.4
2025-12-05 16:00:00,2.077,2.078,2.019,2.034,19154891.83,39146447.01
2025-12-05 17:00:00,2.034,2.045,2.018,2.036,12343842.6,25095201.76
2025-12-05 18:00:00,2.036,2.049,2.016,2.02,9325151.57,18943067.76
2025-12-05 19:00:00,2.02,2.043,2.013,2.038,8519918.37,17291438.51
2025-12-05 20:00:00,2.038,2.038,2.024,2.024,7047821.0,14309613.19
2025-12-05 21:00:00,2.024,2.033,2.02,2.028,6348871.42,12870630.99
2025-12-05 22:00:00,2.028,2.037,2.021,2.032,4414196.57,8954582.42
2025-12-05 23:00:00,2.032,2.038,2.024,2.035,3754504.26,7630370.08
2025-12-06 00:00:00,2.035,2.035,2.018,2.034,7339053.4,14879319.06
2025-12-06 01:00:00,2.034,2.039,2.027,2.031,3212395.85,6530904.93
2025-12-06 02:00:00,2.031,2.034,2.026,2.033,2845893.35,5775691.99
2025-12-06 03:00:00,2.033,2.043,2.033,2.039,2618097.55,5338102.68
2025-12-06 04:00:00,2.039,2.042,2.035,2.042,2157536.72,4398666.76
2025-12-06 05:00:00,2.042,2.045,2.037,2.045,2100116.8,4287313.94
2025-12-06 06:00:00,2.045,2.051,2.035,2.036,1940615.1,3965549.8
2025-12-06 07:00:00,2.036,2.04,2.029,2.031,2092966.86,4255641.46
2025-12-06 08:00:00,2.031,2.031,2.016,2.018,3096860.99,6266909.0
2025-12-06 09:00:00,2.018,2.029,2.018,2.027,1685553.25,3413875.95
2025-12-06 10:00:00,2.027,2.03,2.023,2.025,1174463.74,2379126.06
2025-12-06 11:00:00,2.025,2.034,2.024,2.033,1653353.55,3356860.24
2025-12-06 12:00:00,2.033,2.035,2.027,2.031,1487894.02,3022076.77
2025-12-06 13:00:00,2.031,2.04,2.03,2.032,2210831.51,4499546.61
2025-12-06 14:00:00,2.032,2.048,2.03,2.04,4842850.0,9884517.95
2025-12-06 15:00:00,2.04,2.041,2.022,2.03,4373023.09,8875167.9
2025-12-06 16:00:00,2.03,2.04,2.028,2.036,3211968.21,6532903.24
2025-12-06 17:00:00,2.036,2.038,2.029,2.034,2103880.0,4278821.18
2025-12-06 18:00:00,2.034,2.038,2.03,2.031,2203318.07,4479983.75
2025-12-06 19:00:00,2.031,2.034,2.022,2.026,4598932.39,9323313.62
2025-12-06 20:00:00,2.026,2.033,2.024,2.031,1755879.14,3561609.5
2025-12-06 21:00:00,2.031,2.038,2.029,2.034,3118344.5,6339160.48
2025-12-06 22:00:00,2.034,2.036,2.028,2.029,1989449.08,4043864.91
2025-12-06 23:00:00,2.029,2.035,2.025,2.031,2822470.4,5726572.32
2025-12-07 00:00:00,2.031,2.04,2.03,2.038,2129322.76,4332408.16
2025-12-07 01:00:00,2.038,2.043,2.035,2.035,2161606.46,4409271.86
2025-12-07 02:00:00,2.035,2.05,2.035,2.049,2784173.84,5687692.6
2025-12-07 03:00:00,2.049,2.073,2.049,2.069,7214891.7,14853283.33
2025-12-07 04:00:00,2.069,2.074,2.053,2.054,3753414.0,7742403.64
2025-12-07 05:00:00,2.054,2.057,2.046,2.049,4304941.51,8828120.31
2025-12-07 06:00:00,2.049,2.053,2.045,2.047,1860950.29,3813665.43
2025-12-07 07:00:00,2.047,2.049,2.029,2.031,4405640.11,8958438.12
2025-12-07 08:00:00,2.031,2.036,2.026,2.031,2846078.06,5777637.39
2025-12-07 09:00:00,2.031,2.036,2.025,2.029,1692400.88,3434711.72
2025-12-07 10:00:00,2.029,2.036,2.027,2.031,2093201.02,4254440.65
2025-12-07 11:00:00,2.031,2.035,2.029,2.034,1333866.76,2711775.75
2025-12-07 12:00:00,2.034,2.051,2.033,2.047,2465124.68,5039817.19
2025-12-07 13:00:00,2.047,2.048,2.027,2.032,3196996.4,6503685.38
2025-12-07 14:00:00,2.032,2.032,1.992,2.0,13389698.06,26877190.44
2025-12-07 15:00:00,2.0,2.056,1.999,2.054,8590638.39,17433955.81
2025-12-07 16:00:00,2.054,2.059,2.039,2.059,8228270.73,16826955.28
2025-12-07 17:00:00,2.059,2.097,2.053,2.088,13592845.76,28257086.79
2025-12-07 18:00:00,2.088,2.111,2.088,2.104,9098333.95,19130357.73
2025-12-07 19:00:00,2.104,2.108,2.085,2.087,7468562.34,15654851.73
2025-12-07 20:00:00,2.087,2.094,2.08,2.086,4217401.04,8802224.3
2025-12-07 21:00:00,2.086,2.086,2.036,2.049,7529514.97,15534015.6
2025-12-07 22:00:00,2.049,2.049,2.013,2.03,11345575.0,23058663.37
2025-12-07 23:00:00,2.03,2.046,2.024,2.045,4028466.73,8198135.72
2025-12-08 00:00:00,2.045,2.049,2.033,2.045,7043489.09,14375821.71
2025-12-08 01:00:00,2.045,2.092,2.045,2.069,9515901.68,19693489.78
2025-12-08 02:00:00,2.069,2.078,2.059,2.075,5581706.77,11536579.03
2025-12-08 03:00:00,2.075,2.078,2.065,2.072,4609386.07,9551109.5
2025-12-08 04:00:00,2.072,2.087,2.07,2.074,2688024.75,5585448.29
2025-12-08 05:00:00,2.074,2.083,2.07,2.079,2650046.47,5503713.87
2025-12-08 06:00:00,2.079,2.085,2.073,2.08,3673726.9,7637482.6
2025-12-08 07:00:00,2.08,2.094,2.079,2.087,2856620.71,5961571.54
2025-12-08 08:00:00,2.087,2.095,2.082,2.092,2902951.7,6063290.18
2025-12-08 09:00:00,2.092,2.124,2.091,2.101,7398974.2,15600016.58
2025-12-08 10:00:00,2.101,2.106,2.096,2.099,3143574.16,6604036.61
2025-12-08 11:00:00,2.099,2.1,2.088,2.091,3407880.58,7131235.25
2025-12-08 12:00:00,2.091,2.098,2.086,2.095,4060162.19,8494370.62
2025-12-08 13:00:00,2.095,2.102,2.09,2.098,4400375.16,9224169.26
2025-12-08 14:00:00,2.098,2.112,2.084,2.084,8753181.79,18345476.62
2025-12-08 15:00:00,2.084,2.093,2.068,2.076,10106714.57,21007164.97
2025-12-08 16:00:00,2.076,2.087,2.066,2.073,7525909.86,15621390.95
2025-12-08 17:00:00,2.073,2.084,2.066,2.079,7628263.03,15833276.58
2025-12-08 18:00:00,2.079,2.086,2.063,2.068,4626736.53,9614643.83
2025-12-08 19:00:00,2.068,2.084,2.068,2.078,3882316.32,8067225.2
2025-12-08 20:00:00,2.078,2.094,2.077,2.088,7503042.96,15648651.99
2025-12-08 21:00:00,2.088,2.092,2.075,2.088,6826096.34,14225653.81
2025-12-08 22:00:00,2.088,2.089,2.075,2.08,3398867.18,7073569.41
2025-12-08 23:00:00,2.08,2.081,2.07,2.072,3290295.0,6823757.3
2025-12-09 00:00:00,2.072,2.082,2.069,2.072,4033845.8,8369851.69
2025-12-09 01:00:00,2.072,2.076,2.059,2.063,4200605.81,8678000.74
2025-12-09 02:00:00,2.063,2.07,2.061,2.061,3703550.2,7655537.19
2025-12-09 03:00:00,2.061,2.072,2.057,2.07,4096206.86,8456876.94
2025-12-09 04:00:00,2.07,2.071,2.053,2.055,3422423.09,7049557.44
2025-12-09 05:00:00,2.055,2.06,2.05,2.051,3014319.61,6192639.14
2025-12-09 06:00:00,2.051,2.056,2.042,2.05,3821774.84,7829420.54
2025-12-09 07:00:00,2.05,2.062,2.047,2.061,2370220.48,4870682.66
2025-12-09 08:00:00,2.061,2.066,2.057,2.063,2820875.17,5816588.21
2025-12-09 09:00:00,2.063,2.064,2.057,2.058,1622588.16,3342525.71
2025-12-09 10:00:00,2.058,2.061,2.046,2.055,2535404.87,5208582.36
2025-12-09 11:00:00,2.055,2.07,2.052,2.069,2279737.73,4696643.97
2025-12-09 12:00:00,2.069,2.086,2.067,2.084,4937173.74,10270998.89
2025-12-09 13:00:00,2.084,2.086,2.065,2.067,4440137.97,9221044.49
2025-12-09 14:00:00,2.067,2.073,2.049,2.056,9066776.2,18648238.16
2025-12-09 15:00:00,2.056,2.119,2.054,2.116,18715405.69,39149588.43
2025-12-09 16:00:00,2.116,2.174,2.115,2.165,26745602.39,57487148.29
2025-12-09 17:00:00,2.165,2.178,2.142,2.149,16519405.06,35645423.55
2025-12-09 18:00:00,2.149,2.158,2.14,2.148,9533265.43,20500108.88
2025-12-09 19:00:00,2.148,2.149,2.13,2.133,10941238.33,23382542.72
2025-12-09 20:00:00,2.133,2.134,2.098,2.114,14373870.03,30391126.14
2025-12-09 21:00:00,2.114,2.117,2.086,2.099,7475730.84,15732254.82
2025-12-09 22:00:00,2.099,2.118,2.096,2.111,6748096.5,14226674.82
2025-12-09 23:00:00,2.111,2.114,2.106,2.107,4195105.68,8850766.93
2025-12-10 00:00:00,2.107,2.11,2.089,2.09,4751162.69,9970716.69
2025-12-10 01:00:00,2.09,2.096,2.087,2.089,4028759.46,8423808.36
2025-12-10 02:00:00,2.089,2.094,2.082,2.088,3100921.09,6475234.69
2025-12-10 03:00:00,2.088,2.089,2.082,2.084,2215426.17,4619150.86
2025-12-10 04:00:00,2.084,2.097,2.08,2.091,2780293.18,5808052.18
2025-12-10 05:00:00,2.091,2.094,2.084,2.089,3534035.65,7383410.55
2025-12-10 06:00:00,2.089,2.09,2.084,2.087,2692575.44,5620364.21
2025-12-10 07:00:00,2.087,2.087,2.077,2.085,2693669.38,5606516.93
2025-12-10 08:00:00,2.085,2.086,2.078,2.078,3018395.06,6282695.75
2025-12-10 09:00:00,2.078,2.089,2.072,2.089,4566893.61,9494652.15
2025-12-10 10:00:00,2.089,2.099,2.067,2.07,6079672.72,12659829.14
2025-12-10 11:00:00,2.07,2.075,2.064,2.072,2968461.03,6144198.02
2025-12-10 12:00:00,2.072,2.073,2.06,2.065,3787663.58,7819898.39
2025-12-10 13:00:00,2.065,2.07,2.061,2.065,5069563.65,10468980.44
2025-12-10 14:00:00,2.065,2.069,2.059,2.064,7027792.22,14498718.73
2025-12-10 15:00:00,2.064,2.074,2.057,2.062,7546731.59,15593248.25
2025-12-10 16:00:00,2.062,2.074,2.057,2.068,6026147.56,12458527.36
2025-12-10 17:00:00,2.068,2.076,2.06,2.062,5735263.26,11857412.49
2025-12-10 18:00:00,2.062,2.087,2.059,2.069,9242742.28,19128159.15
2025-12-10 19:00:00,2.069,2.088,2.038,2.069,22150723.49,45766035.06
2025-12-10 20:00:00,2.069,2.111,2.059,2.064,23609043.72,49246896.47
2025-12-10 21:00:00,2.064,2.07,2.045,2.048,11116674.38,22855117.9
2025-12-10 22:00:00,2.048,2.059,2.035,2.056,8104077.64,16600441.18
2025-12-10 23:00:00,2.056,2.058,2.041,2.042,5853706.58,11986316.81
2025-12-11 00:00:00,2.042,2.047,2.022,2.03,10465538.63,21285336.45
2025-12-11 01:00:00,2.03,2.03,2.011,2.014,8984330.48,18152853.3
2025-12-11 02:00:00,2.014,2.015,2.001,2.007,8601463.13,17269247.67
2025-12-11 03:00:00,2.007,2.007,1.994,2.0,12580512.23,25159142.14
2025-12-11 04:00:00,2.0,2.02,1.996,2.018,6432368.77,12906843.86
2025-12-11 05:00:00,2.018,2.018,2.008,2.015,3036858.34,6111849.11
2025-12-11 06:00:00,2.015,2.016,2.006,2.014,3315563.31,6670934.96
2025-12-11 07:00:00,2.014,2.016,2.005,2.008,2301501.19,4627042.63
2025-12-11 08:00:00,2.008,2.014,2.001,2.013,3668281.58,7359154.63
2025-12-11 09:00:00,2.013,2.019,2.009,2.014,2930855.33,5904352.33
2025-12-11 10:00:00,2.014,2.017,2.009,2.017,2411767.75,4855620.84
2025-12-11 11:00:00,2.017,2.019,2.008,2.009,3071529.85,6190396.04
2025-12-11 12:00:00,2.009,2.014,2.005,2.008,6675741.68,13419115.42
2025-12-11 13:00:00,2.008,2.015,2.006,2.009,5051282.83,10157938.06
2025-12-11 14:00:00,2.009,2.01,1.979,1.991,15346049.32,30628365.59
2025-12-11 15:00:00,1.991,2.011,1.988,1.997,11069694.97,22115088.49
2025-12-11 16:00:00,1.997,2.005,1.985,1.992,8200831.85,16338040.99
2025-12-11 17:00:00,1.992,1.999,1.984,1.996,9313126.55,18543064.21
2025-12-11 18:00:00,1.996,2.023,1.993,2.008,10683395.86,21455307.57
2025-12-11 19:00:00,2.008,2.026,2.001,2.012,11580691.37,23343629.63
2025-12-11 20:00:00,2.012,2.03,2.009,2.025,9377747.33,18939734.13
2025-12-11 21:00:00,2.025,2.057,2.024,2.042,12911534.77,26387328.36
2025-12-11 22:00:00,2.042,2.049,2.029,2.034,5978534.16,12178861.47
2025-12-11 23:00:00,2.034,2.041,2.032,2.034,3439651.72,7003385.56
2025-12-12 00:00:00,2.034,2.04,2.016,2.017,4401800.12,8935981.57
2025-12-12 01:00:00,2.017,2.033,2.017,2.028,4755506.18,9638402.7
2025-12-12 02:00:00,2.028,2.044,2.026,2.041,4283196.0,8728309.35
2025-12-12 03:00:00,2.041,2.044,2.03,2.032,2498461.98,5084773.7
2025-12-12 04:00:00,2.032,2.033,2.026,2.03,2509172.45,5091647.93
2025-12-12 05:00:00,2.03,2.038,2.024,2.037,2627051.44,5333091.54
2025-12-12 06:00:00,2.037,2.042,2.036,2.041,2436989.82,4969525.49
2025-12-12 07:00:00,2.041,2.044,2.033,2.038,2154478.53,4391084.13
2025-12-12 08:00:00,2.038,2.038,2.027,2.029,2111689.61,4290615.77
2025-12-12 09:00:00,2.029,2.037,2.026,2.036,2268672.21,4605338.2
2025-12-12 10:00:00,2.036,2.04,2.034,2.038,2438335.14,4967186.82
2025-12-12 11:00:00,2.038,2.046,2.036,2.042,2673020.08,5453146.57
2025-12-12 12:00:00,2.042,2.046,2.037,2.045,3884973.98,7926936.1
2025-12-12 13:00:00,2.045,2.048,2.039,2.042,3133848.85,6400775.89
2025-12-12 14:00:00,2.042,2.044,2.031,2.039,5681711.95,11579868.82
2025-12-12 15:00:00,2.039,2.039,1.97,1.979,19429762.83,38955452.48
2025-12-12 16:00:00,1.979,2.003,1.974,1.989,22111508.28,43920196.28
2025-12-12 17:00:00,1.989,2.004,1.987,1.997,8107351.24,16176418.4
2025-12-12 18:00:00,1.997,2.026,1.991,2.013,9785089.37,19664800.31
2025-12-12 19:00:00,2.013,2.015,1.997,2.004,6946640.52,13941313.42
2025-12-12 20:00:00,2.004,2.007,1.998,2.001,7831509.69,15681442.43
2025-12-12 21:00:00,2.001,2.005,1.998,2.005,5235982.71,10478460.94
2025-12-12 22:00:00,2.005,2.013,2.004,2.011,3505703.87,7041674.54
2025-12-12 23:00:00,2.011,2.019,2.007,2.007,4193833.14,8438240.82
2025-12-13 00:00:00,2.007,2.014,2.007,2.012,3398712.76,6832949.88
2025-12-13 01:00:00,2.012,2.017,2.01,2.011,2287836.71,4605669.16
2025-12-13 02:00:00,2.011,2.021,2.011,2.015,2673672.12,5392566.79
2025-12-13 03:00:00,2.015,2.025,2.015,2.023,2195998.57,4437619.36
2025-12-13 04:00:00,2.023,2.035,2.023,2.034,2482282.84,5035061.8
2025-12-13 05:00:00,2.034,2.048,2.029,2.032,4912842.99,10012365.58
2025-12-13 06:00:00,2.032,2.036,2.027,2.029,2391214.04,4854781.71
2025-12-13 07:00:00,2.029,2.032,2.026,2.029,1034927.7,2099871.14
2025-12-13 08:00:00,2.029,2.043,2.029,2.036,2184445.55,4452549.52
2025-12-13 09:00:00,2.036,2.039,2.03,2.031,1945465.79,3960763.81
2025-12-13 10:00:00,2.031,2.041,2.031,2.037,2212980.12,4506727.28
2025-12-13 11:00:00,2.037,2.039,2.033,2.034,1405019.44,2860713.39
2025-12-13 12:00:00,2.034,2.044,2.03,2.032,3355342.52,6836103.91
2025-12-13 13:00:00,2.032,2.038,2.031,2.034,2353205.61,4787127.29
2025-12-13 14:00:00,2.034,2.04,2.029,2.037,3161883.99,6431289.03
2025-12-13 15:00:00,2.037,2.041,2.029,2.03,3028133.94,6158940.38
2025-12-13 16:00:00,2.03,2.034,2.024,2.026,2709031.36,5493123.41
2025-12-13 17:00:00,2.026,2.027,2.018,2.02,3619954.6,7313477.48
2025-12-13 18:00:00,2.02,2.024,2.016,2.017,2294908.33,4636329.63
2025-12-13 19:00:00,2.017,2.021,2.015,2.02,1949790.6,3934847.86
2025-12-13 20:00:00,2.02,2.023,2.016,2.017,1942754.94,3923881.52
2025-12-13 21:00:00,2.017,2.023,2.009,2.023,2356487.91,4749337.92
2025-12-13 22:00:00,2.023,2.025,2.017,2.023,1589435.8,3213079.46
2025-12-13 23:00:00,2.023,2.024,2.019,2.023,1601044.26,3236755.12
2025-12-14 00:00:00,2.023,2.029,2.018,2.027,2107882.41,4265600.64
2025-12-14 01:00:00,2.027,2.031,2.024,2.026,1609051.11,3261942.95
2025-12-14 02:00:00,2.026,2.03,2.024,2.028,1586297.95,3215454.88
2025-12-14 03:00:00,2.028,2.03,2.023,2.025,1477791.84,2994753.67
2025-12-14 04:00:00,2.025,2.026,2.016,2.017,1789945.89,3617043.48
2025-12-14 05:00:00,2.017,2.018,2.011,2.016,1619651.43,3262460.9
2025-12-14 06:00:00,2.016,2.018,2.012,2.018,1456310.19,2935139.24
2025-12-14 07:00:00,2.018,2.021,2.016,2.02,1205455.7,2432994.02
2025-12-14 08:00:00,2.02,2.023,2.015,2.015,1148966.49,2320384.81
2025-12-14 09:00:00,2.015,2.016,2.011,2.013,1104636.67,2224688.67
2025-12-14 10:00:00,2.013,2.013,2.003,2.007,2393539.32,4806190.91
2025-12-14 11:00:00,2.007,2.01,1.991,2.001,4319333.42,8643039.47
2025-12-14 12:00:00,2.001,2.008,1.997,2.005,2799887.58,5605401.17
2025-12-14 13:00:00,2.005,2.005,1.997,2.003,3696334.95,7392342.36
2025-12-14 14:00:00,2.003,2.008,1.988,1.995,5210954.18,10409172.97
2025-12-14 15:00:00,1.995,1.997,1.99,1.992,4047347.66,8068050.42
2025-12-14 16:00:00,1.992,2.005,1.989,1.997,3688670.97,7361805.59
2025-12-14 17:00:00,1.997,2.0,1.984,1.988,4388450.5,8733606.83
2025-12-14 18:00:00,1.988,1.994,1.985,1.993,4123853.09,8205704.52
2025-12-14 19:00:00,1.993,1.993,1.983,1.989,3521885.93,6997689.45
2025-12-14 20:00:00,1.989,1.995,1.983,1.988,4878731.66,9710549.67
2025-12-14 21:00:00,1.988,1.992,1.984,1.988,2465271.96,4901861.11
2025-12-14 22:00:00,1.988,1.994,1.982,1.993,3030523.0,6025750.57
2025-12-14 23:00:00,1.993,1.998,1.954,1.979,10723792.71,21186432.03
2025-12-15 00:00:00,1.979,1.99,1.975,1.984,5655685.23,11212981.74
2025-12-15 01:00:00,1.984,2.005,1.979,1.999,6076357.22,12097700.18
2025-12-15 02:00:00,1.999,2.014,1.994,1.996,5505585.64,11031534.07
2025-12-15 03:00:00,1.996,2.001,1.992,1.995,2023763.76,4039676.47
2025-12-15 04:00:00,1.995,2.004,1.993,2.001,2748215.72,5492133.71
2025-12-15 05:00:00,2.001,2.004,1.997,2.001,2119550.04,4239147.7
2025-12-15 06:00:00,2.001,2.005,1.996,2.002,2228929.71,4457658.37
2025-12-15 07:00:00,2.002,2.003,1.993,1.995,2004909.71,4004361.65
2025-12-15 08:00:00,1.995,1.999,1.991,1.994,1821211.82,3633605.09
2025-12-15 09:00:00,1.994,2.002,1.992,1.998,1972839.34,3940891.81
2025-12-15 10:00:00,1.998,2.001,1.993,1.994,2028794.31,4050197.61
2025-12-15 11:00:00,1.994,1.995,1.984,1.988,2087356.89,4153959.08
2025-12-15 12:00:00,1.988,1.988,1.982,1.984,2828361.79,5614396.04
2025-12-15 13:00:00,1.984,1.985,1.956,1.965,8736693.05,17187494.39
2025-12-15 14:00:00,1.965,1.981,1.93,1.941,15939962.64,31219212.28
2025-12-15 15:00:00,1.941,1.943,1.913,1.926,22697112.64,43726655.31
2025-12-15 16:00:00,1.926,1.931,1.907,1.913,12279041.67,23564807.5
2025-12-15 17:00:00,1.913,1.915,1.89,1.892,15386054.34,29244732.25
2025-12-15 18:00:00,1.892,1.896,1.869,1.892,16950465.05,31963842.51
2025-12-15 19:00:00,1.892,1.909,1.891,1.896,9838226.42,18698730.45
2025-12-15 20:00:00,1.896,1.896,1.879,1.883,11624744.9,21926035.61
2025-12-15 21:00:00,1.883,1.9,1.881,1.891,7761754.81,14675843.18
2025-12-15 22:00:00,1.891,1.891,1.881,1.891,6352224.25,11982239.37
2025-12-15 23:00:00,1.891,1.899,1.89,1.898,5400552.29,10231069.46
2025-12-16 00:00:00,1.898,1.898,1.878,1.879,5531280.08,10452391.21
2025-12-16 01:00:00,1.879,1.893,1.868,1.872,8761543.39,16461712.78
2025-12-16 02:00:00,1.872,1.877,1.86,1.869,9307166.96,17377541.32
2025-12-16 03:00:00,1.869,1.873,1.855,1.873,5678055.08,10590838.57
2025-12-16 04:00:00,1.873,1.875,1.852,1.872,6255011.12,11675688.09
2025-12-16 05:00:00,1.872,1.884,1.869,1.882,5377591.25,10081045.25
2025-12-16 06:00:00,1.882,1.897,1.881,1.895,4224820.98,7982034.98
2025-12-16 07:00:00,1.895,1.898,1.875,1.875,3481408.79,6563963.8
2025-12-16 08:00:00,1.875,1.885,1.874,1.877,3493909.98,6564712.01
2025-12-16 09:00:00,1.877,1.882,1.875,1.879,2271788.44,4267647.85
2025-12-16 10:00:00,1.879,1.912,1.878,1.907,5820926.95,11046739.1
2025-12-16 11:00:00,1.907,1.925,1.904,1.921,6356969.65,12180159.58
2025-12-16 12:00:00,1.921,1.939,1.92,1.936,6950496.15,13400841.48
2025-12-16 13:00:00,1.936,1.949,1.908,1.908,13156785.37,25397016.65
2025-12-16 14:00:00,1.908,1.935,1.899,1.923,14411005.28,27632744.05
2025-12-16 15:00:00,1.923,1.946,1.915,1.941,11717448.24,22607982.11
2025-12-16 16:00:00,1.941,1.942,1.917,1.928,12536246.69,24200806.7
2025-12-16 17:00:00,1.928,1.935,1.914,1.916,8136037.01,15650592.41
2025-12-16 18:00:00,1.916,1.938,1.914,1.93,7979324.61,15370287.49
2025-12-16 19:00:00,1.93,1.933,1.915,1.926,5660962.05,10887037.06
2025-12-16 20:00:00,1.926,1.933,1.922,1.928,5882436.81,11342423.26
2025-12-16 21:00:00,1.928,1.93,1.918,1.926,4903041.23,9441176.37
2025-12-16 22:00:00,1.926,1.93,1.923,1.927,3607451.98,6949953.98
2025-12-16 23:00:00,1.927,1.931,1.923,1.929,3506044.17,6755873.7
2025-12-17 00:00:00,1.929,1.929,1.919,1.924,3826643.7,7361302.08
2025-12-17 01:00:00,1.924,1.94,1.92,1.922,5958921.83,11494714.19
2025-12-17 02:00:00,1.922,1.933,1.912,1.931,4654948.93,8950831.15
2025-12-17 03:00:00,1.931,1.937,1.925,1.925,3324842.18,6420093.78
2025-12-17 04:00:00,1.925,1.929,1.917,1.918,3168729.78,6091921.36
2025-12-17 05:00:00,1.918,1.922,1.906,1.92,5052498.61,9667146.6
2025-12-17 06:00:00,1.92,1.93,1.92,1.921,3529500.62,6790206.91
2025-12-17 07:00:00,1.921,1.931,1.918,1.923,2713525.43,5220502.72
2025-12-17 08:00:00,1.923,1.923,1.905,1.907,3032225.62,5799168.41
2025-12-17 09:00:00,1.907,1.907,1.898,1.902,2946153.18,5605053.97
2025-12-17 10:00:00,1.902,1.908,1.896,1.907,3527711.51,6715693.3
2025-12-17 11:00:00,1.907,1.917,1.906,1.913,2183007.48,4173369.87
2025-12-17 12:00:00,1.913,1.915,1.907,1.911,3930342.38,7510188.7
2025-12-17 13:00:00,1.911,1.928,1.905,1.921,4851650.3,9284084.22
2025-12-17 14:00:00,1.921,1.967,1.905,1.963,21087173.12,40861486.45
2025-12-17 15:00:00,1.963,1.987,1.907,1.911,29161663.79,57068439.47
2025-12-17 16:00:00,1.911,1.922,1.879,1.898,20633997.58,39098046.84
2025-12-17 17:00:00,1.898,1.9,1.87,1.873,12011533.15,22606638.57
2025-12-17 18:00:00,1.873,1.882,1.852,1.858,12059232.06,22502698.06
2025-12-17 19:00:00,1.858,1.866,1.847,1.865,14649265.69,27167362.9
2025-12-17 20:00:00,1.865,1.884,1.858,1.877,10515414.94,19707872.98
2025-12-17 21:00:00,1.877,1.877,1.859,1.862,7043213.58,13150139.04
2025-12-17 22:00:00,1.862,1.872,1.855,1.868,5375454.74,10019977.29
2025-12-17 23:00:00,1.868,1.868,1.856,1.862,5036207.36,9370150.94
2025-12-18 00:00:00,1.862,1.87,1.859,1.869,5555840.16,10357781.82
2025-12-18 01:00:00,1.869,1.869,1.851,1.856,6857898.78,12735035.85
2025-12-18 02:00:00,1.856,1.872,1.853,1.863,6208257.43,11566191.35
2025-12-18 03:00:00,1.863,1.864,1.852,1.855,4260971.75,7910838.13
2025-12-18 04:00:00,1.855,1.861,1.853,1.854,3661821.34,6800656.16
2025-12-18 05:00:00,1.854,1.854,1.83,1.831,9997579.16,18381058.15
2025-12-18 06:00:00,1.831,1.837,1.826,1.833,6578918.78,12053317.91
2025-12-18 07:00:00,1.833,1.844,1.833,1.841,4044482.32,7437031.11
2025-12-18 08:00:00,1.841,1.854,1.838,1.854,5349189.78,9873845.15
2025-12-18 09:00:00,1.854,1.872,1.848,1.869,4798496.13,8931399.7
2025-12-18 10:00:00,1.869,1.88,1.868,1.876,3762290.49,7054967.12
2025-12-18 11:00:00,1.876,1.877,1.866,1.877,3425444.13,6412798.0
2025-12-18 12:00:00,1.877,1.888,1.871,1.882,4324836.78,8134104.59
2025-12-18 13:00:00,1.882,1.924,1.882,1.913,17201360.9,32772164.42
2025-12-18 14:00:00,1.913,1.925,1.889,1.901,20852820.88,39730480.65
2025-12-18 15:00:00,1.901,1.933,1.895,1.919,13358027.29,25597328.72
2025-12-18 16:00:00,1.919,1.92,1.905,1.91,7767613.77,14853761.1
2025-12-18 17:00:00,1.91,1.91,1.838,1.866,22880083.02,42608873.94
2025-12-18 18:00:00,1.866,1.875,1.839,1.843,11757396.64,21842570.09
2025-12-18 19:00:00,1.843,1.845,1.8,1.805,24046303.13,43749209.82
2025-12-18 20:00:00,1.805,1.822,1.801,1.801,19549535.34,35406661.92
2025-12-18 21:00:00,1.801,1.823,1.801,1.819,15133593.42,27450777.6
2025-12-18 22:00:00,1.819,1.824,1.813,1.818,5879714.66,10690281.16
2025-12-18 23:00:00,1.818,1.818,1.806,1.807,7531544.34,13632743.95
2025-12-19 00:00:00,1.807,1.811,1.78,1.792,16042083.15,28781805.75
2025-12-19 01:00:00,1.792,1.792,1.771,1.782,11274072.91,20049297.07
2025-12-19 02:00:00,1.782,1.798,1.773,1.793,9484581.94,16916649.08
2025-12-19 03:00:00,1.793,1.852,1.793,1.839,21897976.79,40128165.74
2025-12-19 04:00:00,1.839,1.849,1.837,1.839,7805873.47,14386345.73
2025-12-19 05:00:00,1.839,1.839,1.825,1.827,7366326.66,13481669.36
2025-12-19 06:00:00,1.827,1.85,1.825,1.85,5358941.26,9849419.6
2025-12-19 07:00:00,1.85,1.875,1.85,1.866,13209164.64,24626260.73
2025-12-19 08:00:00,1.866,1.871,1.858,1.866,5811797.42,10840801.5
2025-12-19 09:00:00,1.866,1.869,1.861,1.864,5026339.3,9370489.52
2025-12-19 10:00:00,1.864,1.868,1.861,1.866,4420380.42,8242514.57
2025-12-19 11:00:00,1.866,1.871,1.863,1.87,3483921.14,6506451.14
2025-12-19 12:00:00,1.87,1.887,1.865,1.879,8315124.79,15594790.59
2025-12-19 13:00:00,1.879,1.884,1.863,1.866,7056772.71,13227455.91
2025-12-19 14:00:00,1.866,1.89,1.864,1.876,11755405.05,22028358.23
2025-12-19 15:00:00,1.876,1.904,1.871,1.875,13651494.41,25718271.16
2025-12-19 16:00:00,1.875,1.901,1.873,1.888,14578503.12,27573646.18
2025-12-19 17:00:00,1.888,1.907,1.873,1.873,15438969.99,29211270.88
2025-12-19 18:00:00,1.873,1.898,1.873,1.893,8641854.22,16293569.77
2025-12-19 19:00:00,1.893,1.918,1.893,1.907,9994696.18,19065383.71
2025-12-19 20:00:00,1.907,1.92,1.904,1.909,12361252.74,23614407.47
2025-12-19 21:00:00,1.909,1.911,1.9,1.902,7212837.92,13745983.66
2025-12-19 22:00:00,1.902,1.91,1.9,1.907,4164933.27,7939980.82
2025-12-19 23:00:00,1.907,1.909,1.901,1.908,3543526.72,6747241.6
2025-12-20 00:00:00,1.908,1.909,1.901,1.906,4902231.02,9339130.14
2025-12-20 01:00:00,1.906,1.907,1.901,1.902,3480381.88,6623078.02
2025-12-20 02:00:00,1.902,1.902,1.893,1.897,3862558.23,7328897.31
2025-12-20 03:00:00,1.897,1.908,1.895,1.904,3150295.09,5991507.98
2025-12-20 04:00:00,1.904,1.907,1.899,1.904,3104584.43,5905976.95
2025-12-20 05:00:00,1.904,1.918,1.904,1.913,3309033.24,6324406.95
2025-12-20 06:00:00,1.913,1.916,1.912,1.916,1656354.48,3171228.3
2025-12-20 07:00:00,1.916,1.918,1.906,1.913,1612969.49,3083070.49
2025-12-20 08:00:00,1.913,1.939,1.913,1.929,5287512.27,10198548.38
2025-12-20 09:00:00,1.929,1.958,1.929,1.948,7531992.55,14650565.6
2025-12-20 10:00:00,1.948,1.956,1.939,1.94,4510330.6,8778634.36
2025-12-20 11:00:00,1.94,1.944,1.931,1.943,4895081.56,9483291.58
2025-12-20 12:00:00,1.943,1.947,1.938,1.94,2950093.06,5731087.84
2025-12-20 13:00:00,1.94,1.942,1.92,1.927,7356747.94,14177446.95
2025-12-20 14:00:00,1.927,1.929,1.92,1.928,4275936.01,8222467.31
2025-12-20 15:00:00,1.928,1.935,1.916,1.921,6525226.69,12557309.46
2025-12-20 16:00:00,1.921,1.929,1.92,1.928,3546762.76,6828431.27
2025-12-20 17:00:00,1.928,1.931,1.92,1.924,2327330.38,4479315.3
2025-12-20 18:00:00,1.924,1.926,1.916,1.922,4465448.53,8573392.13
2025-12-20 19:00:00,1.922,1.926,1.919,1.925,1499188.08,2881243.11
2025-12-20 20:00:00,1.925,1.928,1.923,1.927,2386294.68,4594578.48
2025-12-20 21:00:00,1.927,1.931,1.925,1.931,2472166.73,4766176.22
2025-12-20 22:00:00,1.931,1.937,1.926,1.933,3498551.95,6755503.24
2025-12-20 23:00:00,1.933,1.936,1.93,1.933,1672515.2,3232206.45
2025-12-21 00:00:00,1.933,1.939,1.929,1.938,2847574.86,5507339.87
2025-12-21 01:00:00,1.938,1.941,1.927,1.928,4252178.32,8227718.12
2025-12-21 02:00:00,1.928,1.934,1.917,1.924,4676429.55,8991892.13
2025-12-21 03:00:00,1.924,1.938,1.923,1.929,2930417.83,5657214.68
2025-12-21 04:00:00,1.929,1.93,1.924,1.925,1469115.2,2830914.42
2025-12-21 05:00:00,1.925,1.927,1.921,1.922,2569377.54,4943117.78
2025-12-21 06:00:00,1.922,1.924,1.92,1.92,1483906.61,2851384.09
2025-12-21 07:00:00,1.92,1.928,1.918,1.925,1529446.25,2941586.92
2025-12-21 08:00:00,1.925,1.942,1.922,1.936,2387814.33,4616046.41
2025-12-21 09:00:00,1.936,1.948,1.932,1.945,3369067.15,6542283.89
2025-12-21 10:00:00,1.945,1.949,1.931,1.933,2505769.23,4858467.21
2025-12-21 11:00:00,1.933,1.935,1.931,1.933,1362907.66,2634493.21
2025-12-21 12:00:00,1.933,1.938,1.927,1.929,2782575.15,5377027.81
2025-12-21 13:00:00,1.929,1.929,1.894,1.899,11411359.33,21808543.3
2025-12-21 14:00:00,1.899,1.914,1.897,1.907,7027358.58,13391971.89
2025-12-21 15:00:00,1.907,1.908,1.899,1.904,3936052.34,7486319.58
2025-12-21 16:00:00,1.904,1.908,1.899,1.908,3246269.29,6177585.82
2025-12-21 17:00:00,1.908,1.918,1.906,1.908,4621241.86,8834809.63
2025-12-21 18:00:00,1.908,1.913,1.902,1.912,4231973.83,8068385.36
2025-12-21 19:00:00,1.912,1.919,1.909,1.918,2506051.21,4797313.87
2025-12-21 20:00:00,1.918,1.918,1.911,1.912,2139055.48,4093652.19
2025-12-21 21:00:00,1.912,1.919,1.907,1.907,2071867.58,3962482.12
2025-12-21 22:00:00,1.907,1.918,1.906,1.917,2482152.43,4747739.61
2025-12-21 23:00:00,1.917,1.927,1.917,1.922,5241905.36,10076772.94
2025-12-22 00:00:00,1.922,1.949,1.922,1.923,11219537.39,21704453.31
2025-12-22 01:00:00,1.923,1.937,1.92,1.92,6664949.49,12845882.69
2025-12-22 02:00:00,1.92,1.921,1.903,1.919,4888930.9,9354988.68
2025-12-22 03:00:00,1.919,1.926,1.913,1.92,2717572.77,5219061.23
2025-12-22 04:00:00,1.92,1.926,1.918,1.924,2661086.03,5112810.78
2025-12-22 05:00:00,1.924,1.928,1.918,1.92,2855552.39,5490301.94
2025-12-22 06:00:00,1.92,1.921,1.913,1.917,2899304.16,5558285.43
2025-12-22 07:00:00,1.917,1.929,1.916,1.927,2449347.55,4713604.82
2025-12-22 08:00:00,1.927,1.933,1.917,1.917,4058163.58,7813712.88
2025-12-22 09:00:00,1.917,1.923,1.914,1.921,2525628.91,4844604.82
2025-12-22 10:00:00,1.921,1.929,1.917,1.925,3765441.59,7243381.84
2025-12-22 11:00:00,1.925,1.937,1.923,1.934,3691658.93,7122084.59
2025-12-22 12:00:00,1.934,1.946,1.931,1.935,5102552.86,9882975.74
2025-12-22 13:00:00,1.935,1.937,1.927,1.933,4159036.53,8030130.32
2025-12-22 14:00:00,1.933,1.942,1.924,1.94,8238703.45,15939542.51
2025-12-22 15:00:00,1.94,1.947,1.917,1.933,10106864.75,19521864.93
2025-12-22 16:00:00,1.933,1.942,1.933,1.939,7040038.21,13636211.17
2025-12-22 17:00:00,1.939,1.939,1.922,1.93,7123624.65,13738917.36
2025-12-22 18:00:00,1.93,1.937,1.924,1.927,5173439.64,9993346.18
2025-12-22 19:00:00,1.927,1.927,1.901,1.901,10375778.13,19839344.04
2025-12-22 20:00:00,1.901,1.906,1.891,1.897,12107481.56,22976244.21
2025-12-22 21:00:00,1.897,1.903,1.893,1.896,6135121.86,11640692.64
2025-12-22 22:00:00,1.896,1.908,1.892,1.908,5132474.41,9750277.85
2025-12-22 23:00:00,1.908,1.908,1.9,1.903,3865882.43,7358966.87
2025-12-23 00:00:00,1.903,1.909,1.899,1.903,4188741.65,7967473.14
2025-12-23 01:00:00,1.903,1.907,1.896,1.897,4898549.9,9310322.44
2025-12-23 02:00:00,1.897,1.905,1.891,1.893,3702782.03,7025598.77
2025-12-23 03:00:00,1.893,1.894,1.884,1.892,3805444.67,7193687.51
2025-12-23 04:00:00,1.892,1.897,1.888,1.888,2836361.97,5362955.29
2025-12-23 05:00:00,1.888,1.89,1.878,1.882,4383243.44,8259475.22
2025-12-23 06:00:00,1.882,1.885,1.873,1.881,4512063.43,8475144.75
2025-12-23 07:00:00,1.881,1.886,1.877,1.88,3299049.46,6209312.38
2025-12-23 08:00:00,1.88,1.882,1.875,1.877,2218275.66,4168430.48
2025-12-23 09:00:00,1.877,1.886,1.877,1.885,2821508.31,5310941.81
2025-12-23 10:00:00,1.885,1.9,1.884,1.898,2873498.53,5437179.57
2025-12-23 11:00:00,1.898,1.905,1.898,1.904,3691661.95,7018814.8
2025-12-23 12:00:00,1.904,1.904,1.896,1.899,3755964.06,7135282.48
2025-12-23 13:00:00,1.899,1.901,1.876,1.878,6094567.84,11493697.54
2025-12-23 14:00:00,1.878,1.885,1.863,1.872,11445140.5,21478607.83
2025-12-23 15:00:00,1.872,1.891,1.869,1.881,9943178.17,18722719.92
2025-12-23 16:00:00,1.881,1.893,1.877,1.89,6612602.72,12472122.34
2025-12-23 17:00:00,1.89,1.892,1.868,1.868,4679657.72,8804478.3
2025-12-23 18:00:00,1.868,1.884,1.867,1.881,6115868.14,11475446.34
2025-12-23 19:00:00,1.881,1.887,1.877,1.882,3774899.37,7103769.44
2025-12-23 20:00:00,1.882,1.894,1.877,1.88,5249254.86,9897638.44
2025-12-23 21:00:00,1.88,1.884,1.875,1.881,4397610.14,8267873.67
2025-12-23 22:00:00,1.881,1.883,1.874,1.879,3313136.36,6224816.57
2025-12-23 23:00:00,1.879,1.879,1.871,1.872,4010287.29,7518478.13
2025-12-24 00:00:00,1.872,1.876,1.868,1.872,3739913.57,6998975.1
2025-12-24 01:00:00,1.872,1.877,1.869,1.869,3731631.71,6990560.67
2025-12-24 02:00:00,1.869,1.87,1.85,1.854,6055215.23,11260209.54
2025-12-24 03:00:00,1.854,1.863,1.844,1.861,4766410.01,8825188.31
2025-12-24 04:00:00,1.861,1.867,1.853,1.854,3090234.1,5745817.3
2025-12-24 05:00:00,1.854,1.856,1.842,1.846,4766800.3,8810647.18
2025-12-24 06:00:00,1.846,1.852,1.836,1.851,4511220.55,8315388.83
2025-12-24 07:00:00,1.851,1.86,1.85,1.854,3476737.62,6449016.21
2025-12-24 08:00:00,1.854,1.861,1.851,1.852,2877960.8,5340602.18
2025-12-24 09:00:00,1.852,1.858,1.852,1.853,1848151.71,3428912.05
2025-12-24 10:00:00,1.853,1.869,1.853,1.865,2549722.9,4751145.28
2025-12-24 11:00:00,1.865,1.875,1.865,1.868,2401614.52,4493856.84
2025-12-24 12:00:00,1.868,1.872,1.863,1.871,2605394.2,4864877.3
2025-12-24 13:00:00,1.871,1.872,1.863,1.869,3210912.98,5994655.09
2025-12-24 14:00:00,1.869,1.877,1.851,1.858,8937119.75,16662718.17
2025-12-24 15:00:00,1.858,1.869,1.852,1.862,6274074.09,11676816.34
2025-12-24 16:00:00,1.862,1.87,1.855,1.861,5496333.49,10239454.08
2025-12-24 17:00:00,1.861,1.869,1.85,1.85,5892225.33,10961520.55
2025-12-24 18:00:00,1.85,1.858,1.848,1.855,4015551.92,7443732.94
2025-12-24 19:00:00,1.855,1.862,1.852,1.861,3565921.84,6618959.76
2025-12-24 20:00:00,1.861,1.868,1.861,1.863,3833358.43,7147633.57
2025-12-24 21:00:00,1.863,1.865,1.861,1.863,3167758.44,5901125.98
2025-12-24 22:00:00,1.863,1.869,1.859,1.868,4223061.66,7872754.42
2025-12-24 23:00:00,1.868,1.869,1.86,1.861,2728356.11,5081468.45
2025-12-25 00:00:00,1.861,1.864,1.856,1.856,2741776.95,5102129.31
2025-12-25 01:00:00,1.856,1.866,1.855,1.865,2628551.02,4887992.2
2025-12-25 02:00:00,1.865,1.872,1.862,1.87,2098853.4,3919085.79
2025-12-25 03:00:00,1.87,1.873,1.866,1.869,2704056.88,5057363.1
2025-12-25 04:00:00,1.869,1.875,1.868,1.872,1720861.98,3219123.84
2025-12-25 05:00:00,1.872,1.873,1.867,1.868,1567151.56,2929995.51
2025-12-25 06:00:00,1.868,1.876,1.865,1.875,1970332.46,3686250.48
2025-12-25 07:00:00,1.875,1.875,1.871,1.874,1630300.67,3053733.26
2025-12-25 08:00:00,1.874,1.88,1.865,1.873,3755866.48,7030068.06
2025-12-25 09:00:00,1.873,1.873,1.866,1.871,1851427.39,3460248.57
2025-12-25 10:00:00,1.871,1.871,1.852,1.857,3334113.5,6202125.88
2025-12-25 11:00:00,1.857,1.863,1.856,1.858,2687029.89,4994775.62
2025-12-25 12:00:00,1.858,1.864,1.855,1.864,2074959.79,3858577.43
2025-12-25 13:00:00,1.864,1.87,1.862,1.868,3505640.18,6541924.39
2025-12-25 14:00:00,1.868,1.869,1.864,1.869,2469813.35,4610457.97
2025-12-25 15:00:00,1.869,1.888,1.865,1.882,7542850.65,14163310.95
2025-12-25 16:00:00,1.882,1.883,1.868,1.87,4199482.25,7882031.92
2025-12-25 17:00:00,1.87,1.871,1.864,1.87,2635967.44,4924418.25
2025-12-25 18:00:00,1.87,1.875,1.868,1.873,2297656.05,4300153.14
2025-12-25 19:00:00,1.873,1.873,1.87,1.872,1400841.56,2621322.35
2025-12-25 20:00:00,1.872,1.873,1.864,1.868,1774264.6,3313417.98
2025-12-25 21:00:00,1.868,1.868,1.863,1.864,2549120.08,4757245.19
2025-12-25 22:00:00,1.864,1.865,1.839,1.845,8913106.9,16499870.36
2025-12-25 23:00:00,1.845,1.851,1.828,1.832,9194424.8,16890906.92
2025-12-26 00:00:00,1.832,1.836,1.824,1.831,7065769.8,12923899.41
2025-12-26 01:00:00,1.831,1.839,1.829,1.836,3885366.71,7131927.79
2025-12-26 02:00:00,1.836,1.879,1.832,1.868,13061802.05,24371961.43
2025-12-26 03:00:00,1.868,1.872,1.857,1.863,5711741.52,10642313.48
2025-12-26 04:00:00,1.863,1.869,1.854,1.865,2848166.63,5298424.44
2025-12-26 05:00:00,1.865,1.871,1.862,1.868,2442476.82,4557793.49
2025-12-26 06:00:00,1.868,1.877,1.868,1.874,4824038.42,9032352.64
2025-12-26 07:00:00,1.874,1.882,1.861,1.863,5328117.44,9988334.62
2025-12-26 08:00:00,1.863,1.869,1.862,1.866,2318884.89,4325177.4
2025-12-26 09:00:00,1.866,1.877,1.866,1.876,2304451.75,4312693.43
2025-12-26 10:00:00,1.876,1.88,1.872,1.878,2785887.71,5225228.07
2025-12-26 11:00:00,1.878,1.878,1.87,1.87,1886305.8,3532914.97
2025-12-26 12:00:00,1.87,1.873,1.869,1.871,1859597.4,3479752.54
2025-12-26 13:00:00,1.871,1.879,1.868,1.877,4439311.74,8322254.32
2025-12-26 14:00:00,1.877,1.877,1.841,1.843,11052391.15,20588420.31
2025-12-26 15:00:00,1.843,1.843,1.826,1.837,28472985.0,52230719.99
2025-12-26 16:00:00,1.837,1.846,1.833,1.834,7533765.18,13871304.65
2025-12-26 17:00:00,1.834,1.848,1.834,1.843,4989301.07,9189360.32
2025-12-26 18:00:00,1.843,1.847,1.839,1.844,3527148.69,6503046.47
2025-12-26 19:00:00,1.844,1.849,1.84,1.845,3077652.18,5677143.75
2025-12-26 20:00:00,1.845,1.859,1.844,1.854,4898122.71,9069598.44
2025-12-26 21:00:00,1.854,1.856,1.845,1.846,4037986.33,7468529.27
2025-12-26 22:00:00,1.846,1.849,1.841,1.846,3606561.56,6655680.84
2025-12-26 23:00:00,1.846,1.848,1.841,1.842,3347116.18,6171928.45
2025-12-27 00:00:00,1.842,1.845,1.84,1.844,2940146.49,5417207.2
2025-12-27 01:00:00,1.844,1.846,1.842,1.846,2544043.22,4689944.03
2025-12-27 02:00:00,1.846,1.852,1.844,1.848,3464754.42,6398519.37
2025-12-27 03:00:00,1.848,1.853,1.845,1.85,2393041.43,4426573.66
2025-12-27 04:00:00,1.85,1.852,1.846,1.847,1827331.61,3377561.84
2025-12-27 05:00:00,1.847,1.849,1.845,1.849,1003282.5,1853038.15
2025-12-27 06:00:00,1.849,1.849,1.846,1.847,904667.38,1671204.43
2025-12-27 07:00:00,1.847,1.851,1.847,1.847,788237.07,1457267.85
2025-12-27 08:00:00,1.847,1.85,1.847,1.849,867110.31,1603115.38
2025-12-27 09:00:00,1.849,1.855,1.849,1.85,1398949.26,2590265.86
2025-12-27 10:00:00,1.85,1.852,1.844,1.848,1358662.25,2511161.42
2025-12-27 11:00:00,1.848,1.851,1.846,1.85,906396.77,1675775.91
2025-12-27 12:00:00,1.85,1.852,1.849,1.85,949877.59,1758178.63
2025-12-27 13:00:00,1.85,1.851,1.844,1.845,1605385.96,2964304.6
2025-12-27 14:00:00,1.845,1.849,1.842,1.849,1950283.92,3599091.99
2025-12-27 15:00:00,1.849,1.851,1.846,1.849,1666065.61,3079684.72
2025-12-27 16:00:00,1.849,1.849,1.843,1.844,2126634.24,3925829.46
2025-12-27 17:00:00,1.844,1.85,1.842,1.848,4825453.68,8906437.29
2025-12-27 18:00:00,1.848,1.853,1.848,1.849,2520760.72,4664605.12
2025-12-27 19:00:00,1.849,1.856,1.847,1.855,2488396.07,4607172.27
2025-12-27 20:00:00,1.855,1.858,1.852,1.854,2729892.99,5065525.22
2025-12-27 21:00:00,1.854,1.862,1.854,1.861,1918702.73,3565284.85
2025-12-27 22:00:00,1.861,1.873,1.86,1.861,7055348.12,13165562.45
2025-12-27 23:00:00,1.861,1.877,1.861,1.872,3875354.7,7240653.72
2025-12-28 00:00:00,1.872,1.875,1.868,1.87,3546078.03,6635401.74
2025-12-28 01:00:00,1.87,1.873,1.867,1.87,1843959.83,3448823.73
2025-12-28 02:00:00,1.87,1.877,1.868,1.872,1520158.93,2847162.59
2025-12-28 03:00:00,1.872,1.874,1.87,1.873,1663311.59,3113533.94
2025-12-28 04:00:00,1.873,1.876,1.872,1.873,2032994.85,3810194.11
2025-12-28 05:00:00,1.873,1.875,1.871,1.872,1607380.56,3011718.36
2025-12-28 06:00:00,1.872,1.878,1.871,1.876,1888059.59,3540455.85
2025-12-28 07:00:00,1.876,1.878,1.872,1.872,1634106.19,3064421.03
2025-12-28 08:00:00,1.872,1.875,1.867,1.867,1574311.99,2946308.49
2025-12-28 09:00:00,1.867,1.868,1.861,1.864,1614299.07,3010129.36
2025-12-28 10:00:00,1.864,1.87,1.863,1.87,1220435.33,2279513.54
2025-12-28 11:00:00,1.87,1.873,1.868,1.871,831701.14,1555705.11
2025-12-28 12:00:00,1.871,1.871,1.865,1.865,1020089.83,1905072.05
2025-12-28 13:00:00,1.865,1.869,1.864,1.866,1418305.39,2647532.13
2025-12-28 14:00:00,1.866,1.875,1.866,1.87,1900998.37,3557504.7
2025-12-28 15:00:00,1.87,1.874,1.868,1.869,1753971.3,3281774.27
2025-12-28 16:00:00,1.869,1.871,1.865,1.865,2205003.88,4117745.17
2025-12-28 17:00:00,1.865,1.87,1.865,1.867,1398695.06,2613398.46
2025-12-28 18:00:00,1.867,1.867,1.853,1.856,6314578.1,11741728.76
2025-12-28 19:00:00,1.856,1.859,1.853,1.856,2942098.83,5458231.33
2025-12-28 20:00:00,1.856,1.861,1.853,1.857,2222682.84,4128721.14
2025-12-28 21:00:00,1.857,1.861,1.854,1.861,2867466.85,5325539.74
2025-12-28 22:00:00,1.861,1.87,1.858,1.867,1900031.7,3539652.03
2025-12-28 23:00:00,1.867,1.869,1.858,1.864,3041675.32,5666833.93
2025-12-29 00:00:00,1.864,1.876,1.861,1.872,5899421.15,11033281.88
2025-12-29 01:00:00,1.872,1.884,1.863,1.88,5258163.74,9864862.41
2025-12-29 02:00:00,1.88,1.895,1.88,1.89,9337609.34,17646607.27
2025-12-29 03:00:00,1.89,1.916,1.89,1.913,10197579.71,19415225.32
2025-12-29 04:00:00,1.913,1.916,1.908,1.912,4829809.23,9234011.03
2025-12-29 05:00:00,1.912,1.913,1.901,1.901,5762988.7,10994582.76
2025-12-29 06:00:00,1.901,1.906,1.895,1.9,4990637.54,9485439.58
2025-12-29 07:00:00,1.9,1.902,1.89,1.899,3413976.22,6471290.78
2025-12-29 08:00:00,1.899,1.903,1.894,1.897,3197374.89,6073343.28
2025-12-29 09:00:00,1.897,1.897,1.864,1.874,8732488.22,16420135.02
2025-12-29 10:00:00,1.874,1.881,1.871,1.874,3106166.18,5826842.49
2025-12-29 11:00:00,1.874,1.875,1.87,1.87,2243350.09,4201551.09
2025-12-29 12:00:00,1.87,1.872,1.854,1.865,6360012.96,11842506.92
2025-12-29 13:00:00,1.865,1.868,1.856,1.861,4775103.64,8891730.02
2025-12-29 14:00:00,1.861,1.877,1.858,1.865,7304271.05,13637091.02
2025-12-29 15:00:00,1.865,1.873,1.861,1.864,9274476.92,17312569.01
2025-12-29 16:00:00,1.864,1.867,1.857,1.86,5378619.46,10014207.78
2025-12-29 17:00:00,1.86,1.865,1.857,1.864,4665237.7,8679744.53
2025-12-29 18:00:00,1.864,1.866,1.853,1.853,3970516.88,7383144.43
2025-12-29 19:00:00,1.853,1.858,1.848,1.851,6057921.88,11225014.69
2025-12-29 20:00:00,1.851,1.855,1.843,1.847,8552554.93,15805649.23
2025-12-29 21:00:00,1.847,1.852,1.846,1.852,4966912.11,9184257.33
2025-12-29 22:00:00,1.852,1.854,1.844,1.85,5092445.23,9413625.44
2025-12-29 23:00:00,1.85,1.852,1.846,1.849,4246468.59,7850264.71
2025-12-30 00:00:00,1.849,1.853,1.845,1.849,4364423.33,8069881.52
2025-12-30 01:00:00,1.849,1.85,1.843,1.846,4468924.93,8251998.51
2025-12-30 02:00:00,1.846,1.85,1.842,1.85,5519448.37,10187835.35
2025-12-30 03:00:00,1.85,1.861,1.847,1.859,7278194.24,13486418.3
2025-12-30 04:00:00,1.859,1.862,1.855,1.859,3608714.51,6709865.95
2025-12-30 05:00:00,1.859,1.861,1.853,1.857,3800984.49,7058099.14
2025-12-30 06:00:00,1.857,1.866,1.856,1.86,4078931.18,7598453.25
2025-12-30 07:00:00,1.86,1.863,1.855,1.858,2954770.78,5492213.48
2025-12-30 08:00:00,1.858,1.87,1.858,1.865,4039155.46,7531824.86
2025-12-30 09:00:00,1.865,1.869,1.862,1.867,2309055.21,4307774.6
2025-12-30 10:00:00,1.867,1.868,1.86,1.86,2005733.58,3739447.5
2025-12-30 11:00:00,1.86,1.862,1.858,1.86,1904058.93,3541879.11
2025-12-30 12:00:00,1.86,1.866,1.86,1.862,2791193.77,5201342.53
2025-12-30 13:00:00,1.862,1.863,1.858,1.862,3140606.29,5844172.46
2025-12-30 14:00:00,1.862,1.874,1.852,1.871,7218102.64,13447340.88
2025-12-30 15:00:00,1.871,1.878,1.863,1.876,5994944.5,11208483.14
2025-12-30 16:00:00,1.876,1.88,1.868,1.877,6290268.17,11788943.5
2025-12-30 17:00:00,1.877,1.885,1.871,1.873,7417893.82,13932547.24
2025-12-30 18:00:00,1.873,1.882,1.872,1.877,6740340.26,12650404.4
2025-12-30 19:00:00,1.877,1.879,1.869,1.875,5529495.02,10365265.68
2025-12-30 20:00:00,1.875,1.875,1.864,1.867,7949280.46,14862548.78
2025-12-30 21:00:00,1.867,1.872,1.866,1.871,3720614.49,6955437.48
2025-12-30 22:00:00,1.871,1.877,1.87,1.87,3040366.81,5694537.58
2025-12-30 23:00:00,1.87,1.876,1.869,1.876,3645514.16,6829806.26
2025-12-31 00:00:00,1.876,1.876,1.87,1.872,3659658.84,6853700.59
2025-12-31 01:00:00,1.872,1.882,1.869,1.877,6590719.73,12367838.9
2025-12-31 02:00:00,1.877,1.878,1.874,1.877,3343930.97,6273175.98
2025-12-31 03:00:00,1.877,1.878,1.867,1.87,4213071.07,7885578.49
2025-12-31 04:00:00,1.87,1.87,1.865,1.866,3058094.65,5710049.41
2025-12-31 05:00:00,1.866,1.871,1.866,1.87,3052891.44,5705775.13
2025-12-31 06:00:00,1.87,1.874,1.868,1.871,1746322.63,3268046.76
2025-12-31 07:00:00,1.871,1.871,1.867,1.871,1871082.48,3496653.54
2025-12-31 08:00:00,1.871,1.873,1.863,1.865,2394615.73,4472013.52
2025-12-31 09:00:00,1.865,1.87,1.865,1.869,1228004.69,2294038.58
2025-12-31 10:00:00,1.869,1.871,1.867,1.87,1680616.08,3141076.3
2025-12-31 11:00:00,1.87,1.878,1.87,1.877,5352978.78,10050332.43
2025-12-31 12:00:00,1.877,1.877,1.871,1.874,2368159.52,4439036.29
2025-12-31 13:00:00,1.874,1.876,1.87,1.874,4903131.85,9188215.49
2025-12-31 14:00:00,1.874,1.88,1.862,1.865,8887532.57,16621622.59
2025-12-31 15:00:00,1.865,1.866,1.851,1.857,7125148.86,13235864.39
2025-12-31 16:00:00,1.857,1.858,1.839,1.842,11712178.49,21639759.88
2025-12-31 17:00:00,1.842,1.843,1.831,1.832,10404476.27,19116694.72
2025-12-31 18:00:00,1.832,1.839,1.83,1.832,7934369.91,14560717.08
2025-12-31 19:00:00,1.832,1.836,1.823,1.826,8142028.14,14891650.43
2025-12-31 20:00:00,1.826,1.832,1.809,1.828,13517747.05,24565063.5
2025-12-31 21:00:00,1.828,1.841,1.825,1.839,5737602.75,10517011.18
2025-12-31 22:00:00,1.839,1.845,1.834,1.838,7450881.52,13704611.49
2025-12-31 23:00:00,1.838,1.842,1.836,1.839,5722843.3,10525228.87
2026-01-01 00:00:00,1.839,1.847,1.837,1.842,7036961.71,12954254.16
2026-01-01 01:00:00,1.842,1.844,1.837,1.838,5589938.54,10287751.3
2026-01-01 02:00:00,1.838,1.84,1.836,1.837,4062343.47,7465271.49
2026-01-01 03:00:00,1.837,1.838,1.831,1.831,4271639.45,7840054.07
2026-01-01 04:00:00,1.831,1.831,1.823,1.828,6111595.55,11163841.88
2026-01-01 05:00:00,1.828,1.853,1.827,1.842,9556816.02,17610752.35
2026-01-01 06:00:00,1.842,1.845,1.842,1.843,2407823.35,4438677.87
2026-01-01 07:00:00,1.843,1.844,1.838,1.839,1521197.43,2801210.68
2026-01-01 08:00:00,1.839,1.848,1.839,1.847,1519169.46,2800052.03
2026-01-01 09:00:00,1.847,1.852,1.846,1.85,2606804.97,4820063.91
2026-01-01 10:00:00,1.85,1.852,1.849,1.851,1106448.95,2047446.73
2026-01-01 11:00:00,1.851,1.853,1.847,1.853,1536288.95,2843451.69
2026-01-01 12:00:00,1.853,1.853,1.849,1.85,1237412.28,2290313.33
2026-01-01 13:00:00,1.85,1.856,1.849,1.856,3268743.77,6061118.26
2026-01-01 14:00:00,1.856,1.858,1.85,1.854,2699939.98,5008452.4
2026-01-01 15:00:00,1.854,1.865,1.85,1.86,5487333.54,10176308.89
2026-01-01 16:00:00,1.86,1.862,1.854,1.862,4392897.08,8165139.06
2026-01-01 17:00:00,1.862,1.873,1.862,1.866,5344737.72,9988285.41
2026-01-01 18:00:00,1.866,1.869,1.863,1.867,4673854.94,8715764.06
2026-01-01 19:00:00,1.867,1.872,1.865,1.872,2266534.31,4235846.12
2026-01-01 20:00:00,1.872,1.874,1.866,1.869,3333481.27,6232606.41
2026-01-01 21:00:00,1.869,1.87,1.865,1.869,1840362.38,3437929.79
2026-01-01 22:00:00,1.869,1.874,1.866,1.873,4062877.58,7595974.11
2026-01-01 23:00:00,1.873,1.879,1.87,1.877,4507310.42,8452524.18
2026-01-02 00:00:00,1.877,1.88,1.873,1.877,3282625.08,6156429.07
2026-01-02 01:00:00,1.877,1.878,1.87,1.87,3874981.55,7265292.27
2026-01-02 02:00:00,1.87,1.875,1.867,1.875,2098290.25,3923766.66
2026-01-02 03:00:00,1.875,1.89,1.873,1.887,5655849.58,10638818.77
2026-01-02 04:00:00,1.887,1.888,1.874,1.875,3445201.27,6475546.36
2026-01-02 05:00:00,1.875,1.875,1.87,1.874,2545928.62,4767892.62
2026-01-02 06:00:00,1.874,1.879,1.873,1.875,2357473.93,4421004.08
2026-01-02 07:00:00,1.875,1.876,1.869,1.87,1850530.68,3464278.88
2026-01-02 08:00:00,1.87,1.878,1.869,1.878,2018531.23,3780989.34
2026-01-02 09:00:00,1.878,1.899,1.876,1.895,4573200.43,8629448.28
2026-01-02 10:00:00,1.895,1.906,1.895,1.895,4398745.17,8353095.57
2026-01-02 11:00:00,1.895,1.896,1.885,1.889,4345532.96,8214778.9
2026-01-02 12:00:00,1.889,1.9,1.888,1.897,3936798.23,7463048.02
2026-01-02 13:00:00,1.897,1.903,1.894,1.895,4465859.02,8480767.64
2026-01-02 14:00:00,1.895,1.921,1.886,1.916,17111764.96,32602824.56
2026-01-02 15:00:00,1.916,1.924,1.897,1.917,16443284.45,31473065.01
2026-01-02 16:00:00,1.917,1.963,1.915,1.962,23774860.72,46201486.62
2026-01-02 17:00:00,1.962,1.997,1.962,1.992,23691865.34,46999076.11
2026-01-02 18:00:00,1.992,1.997,1.969,1.977,15681021.54,31122214.77
2026-01-02 19:00:00,1.977,1.994,1.972,1.991,8685776.99,17263330.44
2026-01-02 20:00:00,1.991,1.997,1.977,1.979,9983143.42,19841546.68
2026-01-02 21:00:00,1.979,2.02,1.979,2.016,12646453.13,25302218.43
2026-01-02 22:00:00,2.016,2.03,2.009,2.015,11617223.63,23437191.84
2026-01-02 23:00:00,2.015,2.018,2.004,2.006,6816195.25,13702374.86
2026-01-03 00:00:00,2.006,2.038,2.006,2.014,9695878.93,19630204.29
2026-01-03 01:00:00,2.014,2.031,2.011,2.029,5857912.82,11857447.94
2026-01-03 02:00:00,2.029,2.03,2.019,2.024,4251342.28,8604633.6
2026-01-03 03:00:00,2.024,2.1,2.019,2.04,9047698.97,18487294.93
2026-01-03 04:00:00,2.04,2.056,2.037,2.048,11899128.0,24359792.56
2026-01-03 05:00:00,2.048,2.055,2.028,2.031,6339416.83,12932663.4
2026-01-03 06:00:00,2.031,2.035,2.007,2.011,6029349.06,12186197.31
2026-01-03 07:00:00,2.011,2.015,1.983,1.993,10880155.72,21720251.84
2026-01-03 08:00:00,1.993,2.009,1.991,2.007,4323269.7,8659767.92
2026-01-03 09:00:00,2.007,2.021,2.005,2.013,4165534.97,8395958.88
2026-01-03 10:00:00,2.013,2.014,2.003,2.005,3126429.81,6276986.59
2026-01-03 11:00:00,2.005,2.005,1.997,1.999,2639465.82,5278285.53
2026-01-03 12:00:00,1.999,2.005,1.991,2.002,4369278.55,8731364.12
2026-01-03 13:00:00,2.002,2.008,1.999,2.004,3713756.08,7441312.78
2026-01-03 14:00:00,2.004,2.018,2.003,2.01,4521827.32,9096418.63
2026-01-03 15:00:00,2.01,2.012,2.004,2.005,2659144.86,5336565.0
2026-01-03 16:00:00,2.005,2.01,1.999,2.001,5082430.16,10187823.48
2026-01-03 17:00:00,2.001,2.004,1.994,2.001,3518712.79,7035234.74
2026-01-03 18:00:00,2.001,2.01,1.997,2.009,5564566.29,11161978.03
2026-01-03 19:00:00,2.009,2.009,2.002,2.006,4157379.44,8338459.87
2026-01-03 20:00:00,2.006,2.01,1.998,2.007,3760171.97,7536776.37
2026-01-03 21:00:00,2.007,2.013,2.004,2.009,3778071.13,7589933.81
2026-01-03 22:00:00,2.009,2.016,2.003,2.014,2112102.12,4246324.34
2026-01-03 23:00:00,2.014,2.018,2.012,2.018,2285277.95,4606594.05
2026-01-04 00:00:00,2.018,2.047,2.015,2.042,10019766.65,20351597.98
2026-01-04 01:00:00,2.042,2.043,2.026,2.035,4899188.78,9965399.56
2026-01-04 02:00:00,2.035,2.037,2.026,2.03,4624857.47,9401810.36
2026-01-04 03:00:00,2.03,2.061,2.03,2.057,9474505.96,19392752.34
2026-01-04 04:00:00,2.057,2.068,2.052,2.06,8504562.69,17514851.35
2026-01-04 05:00:00,2.06,2.075,2.055,2.066,5975213.97,12345383.04
2026-01-04 06:00:00,2.066,2.073,2.058,2.067,6014252.36,12430363.5
2026-01-04 07:00:00,2.067,2.08,2.061,2.071,5681930.95,11763365.63
2026-01-04 08:00:00,2.071,2.084,2.059,2.077,8263408.47,17138227.15
2026-01-04 09:00:00,2.077,2.089,2.066,2.085,4718387.54,9794251.38
2026-01-04 10:00:00,2.085,2.091,2.078,2.09,4214765.32,8786770.33
2026-01-04 11:00:00,2.09,2.096,2.083,2.094,4410003.06,9214124.0
2026-01-04 12:00:00,2.094,2.12,2.091,2.117,11835451.49,24949092.28
2026-01-04 13:00:00,2.117,2.117,2.091,2.101,10560067.52,22195733.71
2026-01-04 14:00:00,2.101,2.106,2.081,2.09,8404675.83,17575691.23
2026-01-04 15:00:00,2.09,2.096,2.082,2.09,5979518.66,12495467.37
2026-01-04 16:00:00,2.09,2.093,2.083,2.091,5515291.61,11514990.91
2026-01-04 17:00:00,2.091,2.103,2.089,2.095,5584495.84,11699665.81
2026-01-04 18:00:00,2.095,2.095,2.073,2.087,7495633.51,15610107.42
2026-01-04 19:00:00,2.087,2.088,2.072,2.084,7431144.15,15452684.95
2026-01-04 20:00:00,2.084,2.095,2.081,2.091,2932337.96,6125904.14
2026-01-04 21:00:00,2.091,2.102,2.088,2.096,5587193.79,11705835.54
2026-01-04 22:00:00,2.096,2.099,2.079,2.085,3416420.36,7134214.69
2026-01-04 23:00:00,2.085,2.097,2.084,2.09,4818243.83,10069220.75
2026-01-05 00:00:00,2.09,2.116,2.087,2.112,13302492.7,27953050.06
2026-01-05 01:00:00,2.112,2.165,2.109,2.156,21804879.83,46609000.55
2026-01-05 02:00:00,2.156,2.161,2.135,2.143,10937337.56,23468866.7
2026-01-05 03:00:00,2.143,2.153,2.136,2.142,6445489.65,13820923.4
2026-01-05 04:00:00,2.142,2.145,2.118,2.126,8812652.98,18768007.11
2026-01-05 05:00:00,2.126,2.137,2.121,2.122,5013177.56,10675201.84
2026-01-05 06:00:00,2.122,2.128,2.109,2.123,4287558.32,9087718.16
2026-01-05 07:00:00,2.123,2.134,2.122,2.133,3396452.59,7237174.38
2026-01-05 08:00:00,2.133,2.152,2.131,2.139,4101787.75,8790528.08
2026-01-05 09:00:00,2.139,2.146,2.128,2.137,5269044.63,11261323.21
2026-01-05 10:00:00,2.137,2.148,2.131,2.137,4644481.97,9942331.91
2026-01-05 11:00:00,2.137,2.137,2.125,2.133,4080861.21,8694723.87
2026-01-05 12:00:00,2.133,2.137,2.122,2.126,6613688.86,14081701.04
2026-01-05 13:00:00,2.126,2.131,2.111,2.116,7959744.58,16866401.7
2026-01-05 14:00:00,2.116,2.153,2.111,2.149,18511044.55,39365055.19
2026-01-05 15:00:00,2.149,2.169,2.137,2.165,18670089.57,40248355.72
2026-01-05 16:00:00,2.165,2.196,2.164,2.194,20289716.6,44231108.63
2026-01-05 17:00:00,2.194,2.207,2.168,2.207,22925203.06,50149838.85
2026-01-05 18:00:00,2.207,2.269,2.2,2.267,29175665.04,65218468.8
2026-01-05 19:00:00,2.267,2.282,2.258,2.278,22265557.56,50547431.92
2026-01-05 20:00:00,2.278,2.35,2.276,2.316,51350552.56,119004900.33
2026-01-05 21:00:00,2.316,2.343,2.313,2.335,26481627.59,61704502.53
2026-01-05 22:00:00,2.335,2.345,2.322,2.335,11604366.5,27059352.25
2026-01-05 23:00:00,2.335,2.368,2.334,2.348,19849836.41,46747001.6
2026-01-06 00:00:00,2.348,2.373,2.316,2.372,25261040.35,59162146.63
2026-01-06 01:00:00,2.372,2.405,2.362,2.373,24728795.16,58902837.77
2026-01-06 02:00:00,2.373,2.417,2.372,2.393,23498571.6,56280127.17
2026-01-06 03:00:00,2.393,2.402,2.38,2.386,10153344.36,24273161.45
2026-01-06 04:00:00,2.386,2.394,2.366,2.388,12257079.98,29188047.51
2026-01-06 05:00:00,2.388,2.407,2.382,2.39,15058812.96,36064147.92
2026-01-06 06:00:00,2.39,2.4,2.375,2.376,11421554.68,27247638.62
2026-01-06 07:00:00,2.376,2.377,2.321,2.329,15320199.73,35963001.59
2026-01-06 08:00:00,2.329,2.346,2.325,2.332,7997692.35,18678017.36
2026-01-06 09:00:00,2.332,2.357,2.33,2.351,7159374.94,16795040.76
2026-01-06 10:00:00,2.351,2.364,2.346,2.361,4879334.51,11485849.44
2026-01-06 11:00:00,2.361,2.377,2.356,2.377,6742955.31,15975047.36
2026-01-06 12:00:00,2.377,2.394,2.368,2.373,11095001.56,26423723.54
2026-01-06 13:00:00,2.373,2.379,2.366,2.371,11640601.55,27605138.82
2026-01-06 14:00:00,2.371,2.398,2.37,2.379,23244555.04,55406178.14
2026-01-06 15:00:00,2.379,2.392,2.334,2.348,21605328.54,51058957.99
2026-01-06 16:00:00,2.348,2.354,2.26,2.281,40239599.38,92530937.86
2026-01-06 17:00:00,2.281,2.287,2.207,2.208,48967094.02,110278143.2
2026-01-06 18:00:00,2.208,2.255,2.204,2.245,19937870.79,44610707.07
2026-01-06 19:00:00,2.245,2.257,2.223,2.226,11155213.35,24979507.59
2026-01-06 20:00:00,2.226,2.266,2.226,2.256,16785333.57,37864704.7
2026-01-06 21:00:00,2.256,2.29,2.249,2.282,16676955.47,37939775.05
2026-01-06 22:00:00,2.282,2.299,2.275,2.291,9170190.0,20944413.45
2026-01-06 23:00:00,2.291,2.31,2.286,2.303,13843880.64,31840186.18
2026-01-07 00:00:00,2.303,2.32,2.282,2.282,13390822.9,30855887.23
2026-01-07 01:00:00,2.282,2.292,2.254,2.265,12567734.12,28511379.74
2026-01-07 02:00:00,2.265,2.279,2.257,2.274,8286215.17,18784613.33
2026-01-07 03:00:00,2.274,2.28,2.26,2.265,6290813.35,14265968.15
2026-01-07 04:00:00,2.265,2.273,2.256,2.258,5396644.52,12219697.52
2026-01-07 05:00:00,2.258,2.263,2.244,2.25,6396660.28,14414987.46
2026-01-07 06:00:00,2.25,2.269,2.249,2.263,3566334.74,8060499.76
2026-01-07 07:00:00,2.263,2.285,2.263,2.278,4108191.53,9347587.86
2026-01-07 08:00:00,2.278,2.289,2.272,2.282,5646352.93,12882473.13
2026-01-07 09:00:00,2.282,2.282,2.231,2.239,9245162.98,20804791.71
2026-01-07 10:00:00,2.239,2.251,2.235,2.248,4848779.94,10876042.61
2026-01-07 11:00:00,2.248,2.256,2.244,2.249,4073205.58,9165575.14
2026-01-07 12:00:00,2.249,2.254,2.241,2.246,6013245.61,13510778.2
2026-01-07 13:00:00,2.246,2.254,2.236,2.243,6923108.2,15552344.23
2026-01-07 14:00:00,2.243,2.243,2.205,2.227,17274527.82,38370813.64
2026-01-07 15:00:00,2.227,2.228,2.181,2.194,21802701.65,47941925.75
2026-01-07 16:00:00,2.194,2.221,2.192,2.2,12253484.8,27047692.23
2026-01-07 17:00:00,2.2,2.208,2.187,2.192,8900666.63,19567385.75
2026-01-07 18:00:00,2.192,2.202,2.181,2.186,10597656.05,23226519.12
2026-01-07 19:00:00,2.186,2.196,2.169,2.192,9910944.87,21638219.75
2026-01-07 20:00:00,2.192,2.197,2.17,2.172,9348526.49,20388239.93
2026-01-07 21:00:00,2.172,2.184,2.17,2.177,6340564.4,13802604.24
2026-01-07 22:00:00,2.177,2.19,2.165,2.167,7017517.42,15275675.6
2026-01-07 23:00:00,2.167,2.179,2.15,2.164,11388286.16,24643135.97
2026-01-08 00:00:00,2.164,2.172,2.145,2.168,11977980.41,25843159.19
2026-01-08 01:00:00,2.168,2.189,2.168,2.181,8055261.91,17545502.78
2026-01-08 02:00:00,2.181,2.19,2.158,2.166,10288170.12,22346537.44
2026-01-08 03:00:00,2.166,2.174,2.143,2.148,8607127.32,18560401.12
2026-01-08 04:00:00,2.148,2.17,2.144,2.159,5890659.34,12708348.33
2026-01-08 05:00:00,2.159,2.164,2.137,2.141,5891120.32,12669227.5
2026-01-08 06:00:00,2.141,2.144,2.105,2.105,14137746.7,30026404.01
2026-01-08 07:00:00,2.105,2.12,2.095,2.117,10123101.23,21340705.91
2026-01-08 08:00:00,2.117,2.131,2.105,2.11,6724356.61,14256328.31
2026-01-08 09:00:00,2.11,2.119,2.092,2.094,7247650.44,15248207.2
2026-01-08 10:00:00,2.094,2.104,2.078,2.101,9765004.98,20433453.44
2026-01-08 11:00:00,2.101,2.103,2.079,2.089,9107169.49,19024589.9
2026-01-08 12:00:00,2.089,2.09,2.07,2.079,9524844.27,19785576.92
2026-01-08 13:00:00,2.079,2.093,2.076,2.085,6052310.82,12613066.63
2026-01-08 14:00:00,2.085,2.096,2.064,2.085,17250361.41,35876169.66
2026-01-08 15:00:00,2.085,2.126,2.071,2.125,15729615.58,33064867.1
2026-01-08 16:00:00,2.125,2.144,2.11,2.144,15386194.44,32737923.07
2026-01-08 17:00:00,2.144,2.167,2.137,2.162,13631438.7,29290347.73
2026-01-08 18:00:00,2.162,2.163,2.123,2.135,12369814.32,26470158.57
2026-01-08 19:00:00,2.135,2.148,2.129,2.134,8450257.9,18074569.95
2026-01-08 20:00:00,2.134,2.134,2.111,2.126,10831166.48,22978995.75
2026-01-08 21:00:00,2.126,2.143,2.121,2.137,9046555.0,19278730.39
2026-01-08 22:00:00,2.137,2.146,2.12,2.132,5937309.59,12673686.69
2026-01-08 23:00:00,2.132,2.135,2.119,2.121,4069055.07,8656962.55
2026-01-09 00:00:00,2.121,2.136,2.12,2.13,4252586.07,9036475.29
2026-01-09 01:00:00,2.13,2.141,2.107,2.108,8763656.46,18593185.03
2026-01-09 02:00:00,2.108,2.134,2.107,2.116,5295429.93,11236535.91
2026-01-09 03:00:00,2.116,2.134,2.114,2.133,3659753.19,7773927.04
2026-01-09 04:00:00,2.133,2.135,2.124,2.125,2844469.49,6054209.75
2026-01-09 05:00:00,2.125,2.136,2.123,2.136,4225560.84,8997714.2
2026-01-09 06:00:00,2.136,2.145,2.127,2.141,4863266.56,10382719.35
2026-01-09 07:00:00,2.141,2.142,2.117,2.118,9940724.71,21157919.58
2026-01-09 08:00:00,2.118,2.121,2.07,2.081,14076849.88,29557843.47
2026-01-09 09:00:00,2.081,2.106,2.081,2.094,5776221.07,12092080.15
2026-01-09 10:00:00,2.094,2.104,2.09,2.098,2529121.39,5309265.7
2026-01-09 11:00:00,2.098,2.107,2.094,2.101,3267360.34,6863423.54
2026-01-09 12:00:00,2.101,2.102,2.088,2.095,6449340.55,13503288.27
2026-01-09 13:00:00,2.095,2.116,2.091,2.104,8994268.29,18910685.46
2026-01-09 14:00:00,2.104,2.105,2.079,2.089,12436700.35,25996113.96
2026-01-09 15:00:00,2.089,2.16,2.078,2.116,25253823.68,53571656.51
2026-01-09 16:00:00,2.116,2.143,2.114,2.13,15067621.58,32089805.71
2026-01-09 17:00:00,2.13,2.13,2.091,2.105,11028522.93,23236144.28
2026-01-09 18:00:00,2.105,2.108,2.074,2.09,7987307.4,16691989.37
2026-01-09 19:00:00,2.09,2.091,2.076,2.081,6509262.39,13561502.85
2026-01-09 20:00:00,2.081,2.091,2.078,2.083,6147239.83,12812260.51
2026-01-09 21:00:00,2.083,2.093,2.074,2.09,5953601.4,12407993.15
2026-01-09 22:00:00,2.09,2.098,2.085,2.095,3690489.76,7715846.46
2026-01-09 23:00:00,2.095,2.096,2.089,2.093,4157759.62,8702853.2
2026-01-10 00:00:00,2.093,2.094,2.086,2.09,3459821.22,7231574.62
2026-01-10 01:00:00,2.09,2.095,2.087,2.093,2804962.94,5864193.33
2026-01-10 02:00:00,2.093,2.099,2.088,2.092,1822859.82,3816102.49
2026-01-10 03:00:00,2.092,2.095,2.085,2.089,1928107.13,4029846.19
2026-01-10 04:00:00,2.089,2.089,2.08,2.081,3086342.52,6425504.56
2026-01-10 05:00:00,2.081,2.09,2.078,2.087,1359078.98,2833616.01
2026-01-10 06:00:00,2.087,2.092,2.083,2.09,1584833.69,3309158.28
2026-01-10 07:00:00,2.09,2.098,2.09,2.098,1687138.79,3534498.29
2026-01-10 08:00:00,2.098,2.1,2.088,2.091,2046782.87,4288455.65
2026-01-10 09:00:00,2.091,2.096,2.089,2.095,1518794.36,3178005.21
2026-01-10 10:00:00,2.095,2.103,2.093,2.103,2031202.68,4260651.81
2026-01-10 11:00:00,2.103,2.103,2.097,2.1,1108456.71,2327364.85
2026-01-10 12:00:00,2.1,2.108,2.098,2.099,3444529.96,7243919.75
2026-01-10 13:00:00,2.099,2.099,2.088,2.089,2163266.27,4530593.14
2026-01-10 14:00:00,2.089,2.09,2.085,2.088,2056136.64,4293148.62
2026-01-10 15:00:00,2.088,2.093,2.087,2.09,3350037.45,7003026.79
2026-01-10 16:00:00,2.09,2.094,2.087,2.092,1768854.36,3699621.2
2026-01-10 17:00:00,2.092,2.095,2.086,2.088,2061444.78,4312641.74
2026-01-10 18:00:00,2.088,2.098,2.085,2.095,1799495.87,3766444.09
2026-01-10 19:00:00,2.095,2.096,2.09,2.092,1559427.16,3264840.16
2026-01-10 20:00:00,2.092,2.093,2.089,2.089,1728358.13,3612759.57
2026-01-10 21:00:00,2.089,2.089,2.085,2.089,2092132.38,4366834.99
2026-01-10 22:00:00,2.089,2.093,2.081,2.083,2246770.47,4692976.49
2026-01-10 23:00:00,2.083,2.09,2.083,2.088,1984767.74,4142619.8
2026-01-11 00:00:00,2.088,2.092,2.084,2.087,3252876.64,6789190.15
2026-01-11 01:00:00,2.087,2.091,2.084,2.09,1360725.17,2840389.73
2026-01-11 02:00:00,2.09,2.094,2.087,2.09,1311381.66,2741817.51
2026-01-11 03:00:00,2.09,2.093,2.09,2.093,1509029.45,3155743.06
2026-01-11 04:00:00,2.093,2.093,2.087,2.09,2192573.09,4582077.15
2026-01-11 05:00:00,2.09,2.094,2.087,2.093,1199504.88,2507658.72
2026-01-11 06:00:00,2.093,2.093,2.084,2.092,2589928.15,5409531.99
2026-01-11 07:00:00,2.092,2.096,2.088,2.09,1165978.5,2439035.61
2026-01-11 08:00:00,2.09,2.096,2.086,2.094,1189599.09,2486511.77
2026-01-11 09:00:00,2.094,2.095,2.088,2.09,1125680.63,2354686.83
2026-01-11 10:00:00,2.09,2.093,2.088,2.09,870470.58,1819327.07
2026-01-11 11:00:00,2.09,2.094,2.089,2.094,701847.11,1468245.77
2026-01-11 12:00:00,2.094,2.104,2.093,2.102,2472392.6,5189460.11
2026-01-11 13:00:00,2.102,2.103,2.092,2.095,1906302.63,3998373.66
2026-01-11 14:00:00,2.095,2.107,2.095,2.106,3245724.01,6816832.78
2026-01-11 15:00:00,2.106,2.107,2.082,2.087,5205255.31,10894070.83
2026-01-11 16:00:00,2.087,2.101,2.084,2.092,4428712.98,9268188.33
2026-01-11 17:00:00,2.092,2.095,2.083,2.091,2347947.38,4906740.32
2026-01-11 18:00:00,2.091,2.093,2.085,2.09,1755161.2,3666137.85
2026-01-11 19:00:00,2.09,2.094,2.083,2.084,2247935.32,4693716.62
2026-01-11 20:00:00,2.084,2.084,2.043,2.062,16068969.9,33095097.68
2026-01-11 21:00:00,2.062,2.072,2.052,2.072,4948921.34,10202462.28
2026-01-11 22:00:00,2.072,2.072,2.054,2.059,5420052.15,11167988.14
2026-01-11 23:00:00,2.059,2.076,2.045,2.072,7046421.05,14532043.37
2026-01-12 00:00:00,2.072,2.072,2.034,2.052,14796130.53,30339900.2
2026-01-12 01:00:00,2.052,2.074,2.051,2.061,11734837.61,24218286.98
2026-01-12 02:00:00,2.061,2.104,2.059,2.097,11152490.61,23253142.91
2026-01-12 03:00:00,2.097,2.103,2.077,2.08,10042678.22,21020320.36
2026-01-12 04:00:00,2.08,2.092,2.079,2.088,3734912.12,7794495.14
2026-01-12 05:00:00,2.088,2.089,2.079,2.08,2835868.01,5912889.35
2026-01-12 06:00:00,2.08,2.083,2.066,2.068,5554380.65,11517297.56
2026-01-12 07:00:00,2.068,2.074,2.05,2.051,5231797.59,10768254.21
2026-01-12 08:00:00,2.051,2.058,2.033,2.048,6117416.18,12512561.58
2026-01-12 09:00:00,2.048,2.052,2.04,2.042,3970617.52,8124091.18
2026-01-12 10:00:00,2.042,2.046,2.033,2.034,3984553.26,8120040.21
2026-01-12 11:00:00,2.034,2.047,2.033,2.046,3619001.7,7383280.32
2026-01-12 12:00:00,2.046,2.053,2.045,2.047,4664831.0,9555987.98
2026-01-12 13:00:00,2.047,2.058,2.041,2.05,4051998.65,8299243.48
2026-01-12 14:00:00,2.05,2.074,2.038,2.071,10534451.56,21691601.69
2026-01-12 15:00:00,2.071,2.092,2.067,2.092,9978591.5,20780914.39
2026-01-12 16:00:00,2.092,2.107,2.085,2.093,10250075.87,21469204.92
2026-01-12 17:00:00,2.093,2.098,2.052,2.066,10900260.9,22574643.42
2026-01-12 18:00:00,2.066,2.076,2.059,2.065,5879424.85,12157566.1
2026-01-12 19:00:00,2.065,2.07,2.057,2.068,5369054.63,11080640.09
2026-01-12 20:00:00,2.068,2.074,2.061,2.063,5092207.32,10523770.51
2026-01-12 21:00:00,2.063,2.063,2.038,2.048,7990917.1,16378330.77
2026-01-12 22:00:00,2.048,2.057,2.048,2.052,5237326.72,10754381.32
2026-01-12 23:00:00,2.052,2.056,2.044,2.052,4328431.98,8869214.8
2026-01-13 00:00:00,2.052,2.059,2.049,2.057,3394155.72,6972018.37
2026-01-13 01:00:00,2.057,2.062,2.046,2.052,2822176.71,5795110.6
2026-01-13 02:00:00,2.052,2.058,2.048,2.05,2535970.89,5209199.1
2026-01-13 03:00:00,2.05,2.056,2.045,2.048,3084672.39,6324096.99
2026-01-13 04:00:00,2.048,2.056,2.048,2.056,2535560.94,5200219.0
2026-01-13 05:00:00,2.056,2.078,2.055,2.061,4946576.53,10220894.76
2026-01-13 06:00:00,2.061,2.065,2.055,2.061,2644019.7,5446720.22
2026-01-13 07:00:00,2.061,2.061,2.05,2.051,1974702.7,4058952.2
2026-01-13 08:00:00,2.051,2.067,2.051,2.064,2558284.04,5268784.61
2026-01-13 09:00:00,2.064,2.072,2.058,2.063,3189965.18,6589071.67
2026-01-13 10:00:00,2.063,2.068,2.056,2.059,2074244.42,4277126.84
2026-01-13 11:00:00,2.059,2.061,2.056,2.059,2162815.43,4452996.62
2026-01-13 12:00:00,2.059,2.063,2.054,2.062,2537917.84,5225852.52
2026-01-13 13:00:00,2.062,2.076,2.058,2.067,9282184.56,19190805.33
2026-01-13 14:00:00,2.067,2.095,2.059,2.076,12384896.03,25780807.64
2026-01-13 15:00:00,2.076,2.1,2.065,2.097,13119325.19,27290720.94
2026-01-13 16:00:00,2.097,2.114,2.088,2.104,19484930.8,40956373.43
2026-01-13 17:00:00,2.104,2.108,2.084,2.091,11744746.26,24592698.03
2026-01-13 18:00:00,2.091,2.112,2.088,2.106,8414206.39,17697007.91
2026-01-13 19:00:00,2.106,2.139,2.103,2.139,13433067.1,28482609.07
2026-01-13 20:00:00,2.139,2.149,2.119,2.133,20169292.41,43066307.9
2026-01-13 21:00:00,2.133,2.142,2.12,2.12,9332361.22,19885703.13
2026-01-13 22:00:00,2.12,2.181,2.12,2.173,22501954.84,48648812.35
2026-01-13 23:00:00,2.173,2.184,2.15,2.164,18082060.3,39217116.7
2026-01-14 00:00:00,2.164,2.177,2.156,2.166,9890442.81,21410487.73
2026-01-14 01:00:00,2.166,2.176,2.159,2.174,8857613.98,19204436.64
2026-01-14 02:00:00,2.174,2.191,2.167,2.17,10855833.91,23633428.78
2026-01-14 03:00:00,2.17,2.184,2.165,2.182,7386282.69,16057721.6
2026-01-14 04:00:00,2.182,2.185,2.161,2.162,7154635.84,15542294.74
2026-01-14 05:00:00,2.162,2.162,2.151,2.152,7719410.22,16650273.17
2026-01-14 06:00:00,2.152,2.152,2.133,2.148,7454371.6,15971685.85
2026-01-14 07:00:00,2.148,2.156,2.139,2.148,3831668.37,8230972.53
2026-01-14 08:00:00,2.148,2.152,2.142,2.142,2921217.31,6271782.66
2026-01-14 09:00:00,2.142,2.153,2.141,2.146,3475645.28,7466053.67
2026-01-14 10:00:00,2.146,2.148,2.128,2.135,3624155.06,7748906.84
2026-01-14 11:00:00,2.135,2.135,2.111,2.114,4790565.45,10169703.61
2026-01-14 12:00:00,2.114,2.126,2.111,2.124,4542343.41,9632106.98
2026-01-14 13:00:00,2.124,2.131,2.111,2.115,7336391.07,15557931.26
2026-01-14 14:00:00,2.115,2.169,2.114,2.159,16373681.2,35115361.71
2026-01-14 15:00:00,2.159,2.174,2.143,2.156,20410298.68,44064530.14
2026-01-14 16:00:00,2.156,2.176,2.156,2.16,11755404.6,25463973.19
2026-01-14 17:00:00,2.16,2.167,2.136,2.139,11788982.75,25383562.33
2026-01-14 18:00:00,2.139,2.153,2.125,2.14,8826766.75,18865015.43
2026-01-14 19:00:00,2.14,2.165,2.134,2.146,11570149.58,24867691.49
2026-01-14 20:00:00,2.146,2.161,2.14,2.15,9934378.72,21351649.91
2026-01-14 21:00:00,2.15,2.155,2.141,2.148,4165966.93,8949173.27
2026-01-14 22:00:00,2.148,2.148,2.131,2.136,7277092.81,15567111.93
2026-01-14 23:00:00,2.136,2.147,2.131,2.139,6167953.08,13199455.11
2026-01-15 00:00:00,2.139,2.143,2.129,2.133,5047870.72,10772705.33
2026-01-15 01:00:00,2.133,2.14,2.117,2.119,6508289.8,13829482.93
2026-01-15 02:00:00,2.119,2.126,2.101,2.104,7553125.78,15952319.74
2026-01-15 03:00:00,2.104,2.107,2.082,2.088,9421110.95,19711899.75
2026-01-15 04:00:00,2.088,2.104,2.086,2.102,4251737.98,8919599.62
2026-01-15 05:00:00,2.102,2.106,2.097,2.099,3152680.86,6622932.33
2026-01-15 06:00:00,2.099,2.102,2.089,2.091,2817392.71,5903278.99
2026-01-15 07:00:00,2.091,2.105,2.089,2.101,2754034.56,5782186.58
2026-01-15 08:00:00,2.101,2.104,2.096,2.104,2405618.3,5051451.76
2026-01-15 09:00:00,2.104,2.122,2.097,2.117,3505938.42,7393569.15
2026-01-15 10:00:00,2.117,2.12,2.108,2.115,4630984.75,9786200.55
2026-01-15 11:00:00,2.115,2.122,2.109,2.112,2631520.77,5566616.64
2026-01-15 12:00:00,2.112,2.119,2.107,2.118,3035357.78,6412748.7
2026-01-15 13:00:00,2.118,2.132,2.115,2.129,4511587.93,9569343.93
2026-01-15 14:00:00,2.129,2.132,2.087,2.096,14238756.86,30003649.71
2026-01-15 15:00:00,2.096,2.106,2.068,2.096,12254252.08,25572674.26
2026-01-15 16:00:00,2.096,2.099,2.084,2.091,6958135.34,14550569.26
2026-01-15 17:00:00,2.091,2.097,2.078,2.08,7536170.49,15737140.58
2026-01-15 18:00:00,2.08,2.083,2.065,2.07,7519634.44,15582180.41
2026-01-15 19:00:00,2.07,2.072,2.053,2.065,9810618.6,20227418.76
2026-01-15 20:00:00,2.065,2.07,2.058,2.061,7021529.18,14488411.0
2026-01-15 21:00:00,2.061,2.075,2.061,2.074,4295082.17,8891230.44
2026-01-15 22:00:00,2.074,2.079,2.067,2.075,2984592.91,6190437.38
2026-01-15 23:00:00,2.075,2.08,2.071,2.078,2901010.0,6020911.47
2026-01-16 00:00:00,2.078,2.086,2.076,2.082,3871918.78,8061768.88
2026-01-16 01:00:00,2.082,2.086,2.075,2.077,3095921.31,6436380.8
2026-01-16 02:00:00,2.077,2.077,2.067,2.075,4589883.36,9502777.45
2026-01-16 03:00:00,2.075,2.079,2.064,2.064,4450464.61,9220624.02
2026-01-16 04:00:00,2.064,2.071,2.057,2.063,4358968.01,8992092.82
2026-01-16 05:00:00,2.063,2.074,2.061,2.072,4039887.44,8347156.38
2026-01-16 06:00:00,2.072,2.075,2.067,2.073,2804404.07,5809238.11
2026-01-16 07:00:00,2.073,2.077,2.069,2.073,1955117.23,4051699.64
2026-01-16 08:00:00,2.073,2.081,2.072,2.074,2316747.69,4810852.49
2026-01-16 09:00:00,2.074,2.076,2.066,2.067,2613684.4,5410894.54
2026-01-16 10:00:00,2.067,2.067,2.058,2.061,2751543.77,5675969.69
2026-01-16 11:00:00,2.061,2.065,2.058,2.065,1704882.02,3515759.42
2026-01-16 12:00:00,2.065,2.068,2.06,2.063,3320136.26,6851512.22
2026-01-16 13:00:00,2.063,2.063,2.052,2.057,4262895.5,8773791.04
2026-01-16 14:00:00,2.057,2.066,2.055,2.056,6353850.38,13088183.21
2026-01-16 15:00:00,2.056,2.065,2.026,2.032,14865172.02,30365649.62
2026-01-16 16:00:00,2.032,2.047,2.029,2.043,7648299.78,15598467.01
2026-01-16 17:00:00,2.043,2.053,2.037,2.052,3759897.65,7689458.18
2026-01-16 18:00:00,2.052,2.054,2.045,2.049,3584966.69,7349241.94
2026-01-16 19:00:00,2.049,2.056,2.042,2.054,4191772.49,8592049.34
2026-01-16 20:00:00,2.054,2.079,2.047,2.078,7161415.3,14798742.09
2026-01-16 21:00:00,2.078,2.079,2.067,2.074,9912653.43,20541033.07
2026-01-16 22:00:00,2.074,2.076,2.068,2.073,3434416.24,7113397.68
2026-01-16 23:00:00,2.073,2.073,2.067,2.067,2486889.97,5145987.83
2026-01-17 00:00:00,2.067,2.068,2.061,2.063,2864167.02,5913190.11
2026-01-17 01:00:00,2.063,2.068,2.062,2.065,2184237.69,4511290.03
2026-01-17 02:00:00,2.065,2.066,2.058,2.062,1691945.65,3486060.15
2026-01-17 03:00:00,2.062,2.062,2.053,2.055,1538461.19,3164713.33
2026-01-17 04:00:00,2.055,2.065,2.054,2.064,1663090.79,3424868.74
2026-01-17 05:00:00,2.064,2.065,2.06,2.062,1813773.42,3740472.11
2026-01-17 06:00:00,2.062,2.063,2.058,2.059,1029316.0,2121527.65
2026-01-17 07:00:00,2.059,2.06,2.055,2.057,1024127.98,2107618.65
2026-01-17 08:00:00,2.057,2.062,2.057,2.062,1335308.54,2750502.99
2026-01-17 09:00:00,2.062,2.066,2.061,2.063,1501030.23,3097165.05
2026-01-17 10:00:00,2.063,2.066,2.06,2.06,1081826.66,2232094.3
2026-01-17 11:00:00,2.06,2.063,2.056,2.061,1549831.69,3192052.3
2026-01-17 12:00:00,2.061,2.064,2.058,2.059,1020256.43,2102338.28
2026-01-17 13:00:00,2.059,2.063,2.058,2.061,1803349.56,3716520.65
2026-01-17 14:00:00,2.061,2.078,2.058,2.073,3965272.86,8201732.91
2026-01-17 15:00:00,2.073,2.082,2.07,2.081,7676341.22,15934297.0
2026-01-17 16:00:00,2.081,2.081,2.068,2.072,4320731.94,8962205.72
2026-01-17 17:00:00,2.072,2.082,2.072,2.082,2791566.75,5793978.51
2026-01-17 18:00:00,2.082,2.082,2.073,2.076,3334868.06,6919731.63
2026-01-17 19:00:00,2.076,2.077,2.072,2.073,1781355.7,3694904.91
2026-01-17 20:00:00,2.073,2.074,2.07,2.071,2524767.29,5229688.18
2026-01-17 21:00:00,2.071,2.071,2.065,2.068,2792870.76,5775094.82
2026-01-17 22:00:00,2.068,2.068,2.058,2.064,2603397.77,5371297.16
2026-01-17 23:00:00,2.064,2.067,2.061,2.062,1938215.8,3999769.35
2026-01-18 00:00:00,2.062,2.067,2.059,2.059,2021185.33,4167810.02
2026-01-18 01:00:00,2.059,2.06,2.048,2.051,4753716.2,9763567.94
2026-01-18 02:00:00,2.051,2.056,2.048,2.052,2228274.49,4571571.25
2026-01-18 03:00:00,2.052,2.06,2.051,2.058,2631517.73,5406080.23
2026-01-18 04:00:00,2.058,2.058,2.052,2.055,1383738.82,2842133.06
2026-01-18 05:00:00,2.055,2.056,2.047,2.054,2715904.16,5573153.48
2026-01-18 06:00:00,2.054,2.059,2.053,2.058,857323.67,1763240.14
2026-01-18 07:00:00,2.058,2.059,2.05,2.052,1158619.93,2379791.29
2026-01-18 08:00:00,2.052,2.058,2.05,2.056,1062607.5,2182550.39
2026-01-18 09:00:00,2.056,2.061,2.055,2.06,1332596.73,2742055.7
2026-01-18 10:00:00,2.06,2.06,2.054,2.057,1080320.91,2220705.67
2026-01-18 11:00:00,2.057,2.057,2.052,2.054,948986.59,1949487.62
2026-01-18 12:00:00,2.054,2.056,2.051,2.051,1308323.88,2686805.8
2026-01-18 13:00:00,2.051,2.053,2.047,2.052,2041595.28,4185157.98
2026-01-18 14:00:00,2.052,2.059,2.049,2.049,3550292.32,7291408.65
2026-01-18 15:00:00,2.049,2.052,2.045,2.05,2736987.48,5608530.5
2026-01-18 16:00:00,2.05,2.057,2.047,2.049,3093620.72,6351339.49
2026-01-18 17:00:00,2.049,2.056,2.045,2.049,3548758.38,7277068.17
2026-01-18 18:00:00,2.049,2.065,2.046,2.061,4263222.17,8770730.65
2026-01-18 19:00:00,2.061,2.064,2.052,2.053,2535121.97,5216593.3
2026-01-18 20:00:00,2.053,2.06,2.051,2.057,1777029.77,3651976.49
2026-01-18 21:00:00,2.057,2.06,2.055,2.057,1928045.5,3966034.0
2026-01-18 22:00:00,2.057,2.063,2.055,2.06,2554225.84,5257149.05
2026-01-18 23:00:00,2.06,2.06,1.985,1.991,25317948.79,50980124.9
2026-01-19 00:00:00,1.991,1.991,1.862,1.945,49531717.96,95639086.86
2026-01-19 01:00:00,1.945,1.962,1.938,1.952,12326200.49,24038515.12
2026-01-19 02:00:00,1.952,1.963,1.95,1.957,5518964.44,10796579.95
2026-01-19 03:00:00,1.957,1.967,1.953,1.967,9060984.62,17745969.27
2026-01-19 04:00:00,1.967,1.974,1.961,1.963,7191700.66,14142199.49
2026-01-19 05:00:00,1.963,1.969,1.957,1.961,7810681.38,15323577.63
2026-01-19 06:00:00,1.961,1.965,1.952,1.961,5144635.81,10079375.5
2026-01-19 07:00:00,1.961,1.963,1.953,1.962,2845886.54,5570074.46
2026-01-19 08:00:00,1.962,1.982,1.959,1.979,5451143.31,10757804.6
2026-01-19 09:00:00,1.979,1.981,1.973,1.981,3874915.14,7656468.72
2026-01-19 10:00:00,1.981,1.983,1.971,1.981,3225005.96,6375005.4
2026-01-19 11:00:00,1.981,1.982,1.969,1.972,2538553.1,5012898.39
2026-01-19 12:00:00,1.972,1.976,1.966,1.972,3021544.61,5956637.75
2026-01-19 13:00:00,1.972,1.973,1.964,1.973,2716941.95,5349456.96
2026-01-19 14:00:00,1.973,1.984,1.968,1.978,3473052.16,6865704.93
2026-01-19 15:00:00,1.978,1.983,1.976,1.981,4574823.57,9058662.89
2026-01-19 16:00:00,1.981,2.029,1.979,2.021,12010978.77,24086910.46
2026-01-19 17:00:00,2.021,2.024,2.007,2.017,11634964.93,23431756.76
2026-01-19 18:00:00,2.017,2.024,2.008,2.01,8295684.12,16730312.11
2026-01-19 19:00:00,2.01,2.017,2.006,2.013,3306083.56,6651561.48
2026-01-19 20:00:00,2.013,2.016,2.0,2.001,5031260.63,10087613.95
2026-01-19 21:00:00,2.001,2.007,1.995,1.997,4040999.26,8082881.27
2026-01-19 22:00:00,1.997,1.999,1.978,1.979,9284577.1,18456074.02
2026-01-19 23:00:00,1.979,1.994,1.978,1.985,6088902.16,12101992.42
2026-01-20 00:00:00,1.985,1.989,1.981,1.986,5079846.2,10086861.6
2026-01-20 01:00:00,1.986,1.986,1.969,1.971,6588001.03,13021250.96
2026-01-20 02:00:00,1.971,1.971,1.96,1.968,5345071.77,10505860.49
2026-01-20 03:00:00,1.968,1.969,1.954,1.961,5326994.48,10433124.15
2026-01-20 04:00:00,1.961,1.973,1.958,1.964,5779338.1,11364934.11
2026-01-20 05:00:00,1.964,1.968,1.953,1.965,6633404.46,13005359.19
2026-01-20 06:00:00,1.965,1.965,1.939,1.947,6849757.92,13355420.54
2026-01-20 07:00:00,1.947,1.955,1.944,1.947,4225639.89,8239160.16
2026-01-20 08:00:00,1.947,1.952,1.918,1.926,14339556.95,27661006.03
2026-01-20 09:00:00,1.926,1.929,1.92,1.923,3863667.4,7436733.7
2026-01-20 10:00:00,1.923,1.931,1.923,1.928,3397987.46,6549840.39
2026-01-20 11:00:00,1.928,1.939,1.927,1.927,3438870.14,6648545.03
2026-01-20 12:00:00,1.927,1.935,1.926,1.934,4277072.51,8261276.18
2026-01-20 13:00:00,1.934,1.934,1.914,1.915,8790010.67,16898680.88
2026-01-20 14:00:00,1.915,1.938,1.914,1.923,11738562.85,22578087.94
2026-01-20 15:00:00,1.923,1.931,1.907,1.916,12469231.85,23901746.51
2026-01-20 16:00:00,1.916,1.926,1.9,1.909,9207166.43,17599928.87
2026-01-20 17:00:00,1.909,1.919,1.896,1.901,11005483.79,20984118.24
2026-01-20 18:00:00,1.901,1.907,1.893,1.897,10104845.89,19184382.34
2026-01-20 19:00:00,1.897,1.906,1.892,1.9,9531184.87,18099081.96
2026-01-20 20:00:00,1.9,1.909,1.896,1.903,9117050.22,17348951.75
2026-01-20 21:00:00,1.903,1.904,1.882,1.887,8977716.89,16973445.44
2026-01-20 22:00:00,1.887,1.898,1.868,1.888,9144173.85,17222282.63
2026-01-20 23:00:00,1.888,1.892,1.882,1.888,7313147.68,13801099.15
2026-01-21 00:00:00,1.888,1.914,1.887,1.912,8103593.81,15408188.03
2026-01-21 01:00:00,1.912,1.915,1.896,1.896,5620777.64,10713581.21
2026-01-21 02:00:00,1.896,1.904,1.89,1.895,3970242.19,7532306.7
2026-01-21 03:00:00,1.895,1.906,1.894,1.901,3838236.87,7298638.59
2026-01-21 04:00:00,1.901,1.908,1.899,1.906,3193958.64,6079365.63
2026-01-21 05:00:00,1.906,1.925,1.904,1.92,4929915.84,9436439.99
2026-01-21 06:00:00,1.92,1.921,1.911,1.913,4968654.27,9524285.76
2026-01-21 07:00:00,1.913,1.92,1.905,1.908,5115031.33,9782455.36
2026-01-21 08:00:00,1.908,1.909,1.894,1.901,5439454.57,10344074.69
2026-01-21 09:00:00,1.901,1.912,1.898,1.909,3908512.59,7444510.05
2026-01-21 10:00:00,1.909,1.913,1.901,1.901,3259266.7,6217027.08
2026-01-21 11:00:00,1.901,1.903,1.885,1.888,6997946.86,13276006.05
2026-01-21 12:00:00,1.888,1.896,1.878,1.895,7789999.85,14694496.54
2026-01-21 13:00:00,1.895,1.903,1.889,1.895,6280396.79,11911797.94
2026-01-21 14:00:00,1.895,1.943,1.889,1.941,18938244.86,36468535.66
2026-01-21 15:00:00,1.941,1.959,1.934,1.957,12473558.27,24260586.68
2026-01-21 16:00:00,1.957,1.957,1.876,1.878,16708604.47,32040119.43
2026-01-21 17:00:00,1.878,1.896,1.87,1.89,12368973.2,23281861.64
2026-01-21 18:00:00,1.89,1.913,1.881,1.904,9556982.42,18111372.41
2026-01-21 19:00:00,1.904,1.983,1.897,1.972,25467034.92,49714530.49
2026-01-21 20:00:00,1.972,1.972,1.947,1.971,13011660.5,25481335.17
2026-01-21 21:00:00,1.971,1.985,1.965,1.973,9501171.49,18779091.34
2026-01-21 22:00:00,1.973,1.988,1.964,1.964,7890833.98,15600189.0
2026-01-21 23:00:00,1.964,1.966,1.938,1.946,6945433.55,13567689.76
2026-01-22 00:00:00,1.946,1.959,1.946,1.954,4594294.14,8976128.51
2026-01-22 01:00:00,1.954,1.966,1.95,1.957,5822287.7,11403983.06
2026-01-22 02:00:00,1.957,1.959,1.943,1.944,4612684.91,9002992.8
2026-01-22 03:00:00,1.944,1.954,1.94,1.946,4374816.55,8519424.04
2026-01-22 04:00:00,1.946,1.953,1.946,1.951,2284247.89,4453835.66
2026-01-22 05:00:00,1.951,1.953,1.944,1.951,4276526.48,8334784.82
2026-01-22 06:00:00,1.951,1.958,1.946,1.954,4912213.49,9590910.76
2026-01-22 07:00:00,1.954,1.954,1.945,1.946,3702138.55,7215219.19
2026-01-22 08:00:00,1.946,1.958,1.946,1.957,2803847.91,5468547.92
2026-01-22 09:00:00,1.957,1.963,1.954,1.962,3559860.75,6973370.64
2026-01-22 10:00:00,1.962,1.963,1.952,1.955,3402671.81,6655798.84
2026-01-22 11:00:00,1.955,1.955,1.941,1.942,6222638.39,12105489.41
2026-01-22 12:00:00,1.942,1.948,1.94,1.94,3401655.98,6613928.82
2026-01-22 13:00:00,1.94,1.945,1.925,1.929,7801859.51,15087444.35
2026-01-22 14:00:00,1.929,1.931,1.913,1.914,8013339.1,15402949.22
2026-01-22 15:00:00,1.914,1.921,1.9,1.913,9498536.3,18158731.96
2026-01-22 16:00:00,1.913,1.927,1.904,1.921,8551652.4,16376086.48
2026-01-22 17:00:00,1.921,1.928,1.911,1.928,7440966.45,14282842.82
2026-01-22 18:00:00,1.928,1.932,1.919,1.921,5792765.78,11155131.36
2026-01-22 19:00:00,1.921,1.934,1.916,1.931,5271546.16,10158223.84
2026-01-22 20:00:00,1.931,1.932,1.917,1.921,6502781.98,12511119.21
2026-01-22 21:00:00,1.921,1.93,1.919,1.923,3990384.43,7678703.85
2026-01-22 22:00:00,1.923,1.93,1.921,1.923,2920730.39,5621591.36
2026-01-22 23:00:00,1.923,1.924,1.915,1.922,3749521.0,7194033.83
2026-01-23 00:00:00,1.922,1.925,1.915,1.916,3194250.59,6134064.7
2026-01-23 01:00:00,1.916,1.922,1.915,1.92,3628566.81,6964483.96
2026-01-23 02:00:00,1.92,1.921,1.907,1.907,2829202.54,5419395.76
2026-01-23 03:00:00,1.907,1.916,1.907,1.914,3875063.64,7413291.44
2026-01-23 04:00:00,1.914,1.923,1.912,1.918,2716682.32,5213968.83
2026-01-23 05:00:00,1.918,1.919,1.906,1.909,2801780.39,5353052.03
2026-01-23 06:00:00,1.909,1.915,1.901,1.909,3132712.77,5978704.14
2026-01-23 07:00:00,1.909,1.913,1.907,1.912,2972039.1,5679188.24
2026-01-23 08:00:00,1.912,1.913,1.9,1.904,4947064.42,9428607.71
2026-01-23 09:00:00,1.904,1.91,1.9,1.905,3266854.69,6223734.54
2026-01-23 10:00:00,1.905,1.911,1.905,1.906,2343558.94,4471737.85
2026-01-23 11:00:00,1.906,1.913,1.905,1.912,1615379.49,3085323.99
2026-01-23 12:00:00,1.912,1.912,1.907,1.908,1637892.82,3126554.22
2026-01-23 13:00:00,1.908,1.91,1.902,1.903,2833633.99,5400710.5
2026-01-23 14:00:00,1.903,1.906,1.885,1.894,9700666.53,18389027.9
2026-01-23 15:00:00,1.894,1.921,1.887,1.919,7380385.02,14042693.65
2026-01-23 16:00:00,1.919,1.949,1.919,1.935,14906675.24,28791505.42
2026-01-23 17:00:00,1.935,1.964,1.925,1.945,12464227.6,24255521.22
2026-01-23 18:00:00,1.945,1.959,1.94,1.943,9795441.46,19082090.75
2026-01-23 19:00:00,1.943,1.943,1.919,1.921,8732738.1,16854007.19
2026-01-23 20:00:00,1.921,1.925,1.906,1.915,9495418.77,18184074.21
2026-01-23 21:00:00,1.915,1.925,1.912,1.916,5115312.05,9813584.42
2026-01-23 22:00:00,1.916,1.928,1.916,1.924,4642962.45,8923232.99
2026-01-23 23:00:00,1.924,1.924,1.917,1.917,2413394.1,4631922.81
2026-01-24 00:00:00,1.917,1.921,1.916,1.917,2161480.73,4146289.46
2026-01-24 01:00:00,1.917,1.919,1.914,1.918,1468239.9,2813708.11
2026-01-24 02:00:00,1.918,1.924,1.918,1.921,1782682.87,3424838.82
2026-01-24 03:00:00,1.921,1.924,1.919,1.921,1638797.66,3149576.14
2026-01-24 04:00:00,1.921,1.925,1.92,1.923,1460358.22,2808321.11
2026-01-24 05:00:00,1.923,1.923,1.918,1.919,1969269.91,3780241.77
2026-01-24 06:00:00,1.919,1.92,1.915,1.916,1266697.76,2428846.86
2026-01-24 07:00:00,1.916,1.917,1.914,1.916,1003745.97,1922920.3
2026-01-24 08:00:00,1.916,1.919,1.915,1.917,1340465.32,2569481.32
2026-01-24 09:00:00,1.917,1.917,1.912,1.915,1230723.29,2356054.93
2026-01-24 10:00:00,1.915,1.915,1.912,1.915,918043.3,1757020.77
2026-01-24 11:00:00,1.915,1.917,1.914,1.914,903685.12,1731765.23
2026-01-24 12:00:00,1.914,1.92,1.913,1.917,1835466.82,3518220.6
2026-01-24 13:00:00,1.917,1.922,1.916,1.917,1341473.83,2573090.59
2026-01-24 14:00:00,1.917,1.919,1.914,1.917,2807539.54,5381577.34
2026-01-24 15:00:00,1.917,1.919,1.91,1.91,2143410.0,4102430.83
2026-01-24 16:00:00,1.91,1.914,1.907,1.912,2704026.07,5167292.41
2026-01-24 17:00:00,1.912,1.916,1.91,1.914,1520517.92,2909149.4
2026-01-24 18:00:00,1.914,1.918,1.914,1.918,2386583.31,4570820.97
2026-01-24 19:00:00,1.918,1.918,1.912,1.914,1310563.93,2508376.1
2026-01-24 20:00:00,1.914,1.916,1.914,1.915,1289186.02,2468602.78
2026-01-24 21:00:00,1.915,1.915,1.912,1.915,1623561.78,3106631.66
2026-01-24 22:00:00,1.915,1.921,1.915,1.919,1960394.1,3759538.41
2026-01-24 23:00:00,1.919,1.92,1.912,1.912,2496448.72,4779831.21
2026-01-25 00:00:00,1.912,1.914,1.908,1.912,2251677.04,4303066.39
2026-01-25 01:00:00,1.912,1.912,1.901,1.903,3090082.96,5885343.72
2026-01-25 02:00:00,1.903,1.907,1.903,1.904,2076826.94,3954805.85
2026-01-25 03:00:00,1.904,1.905,1.895,1.898,3240153.66,6152648.21
2026-01-25 04:00:00,1.898,1.901,1.896,1.898,1753885.55,3330542.64
2026-01-25 05:00:00,1.898,1.899,1.894,1.899,1380153.11,2618193.83
2026-01-25 06:00:00,1.899,1.899,1.893,1.895,2239543.01,4245207.3
2026-01-25 07:00:00,1.895,1.896,1.891,1.892,1200853.63,2274983.67
2026-01-25 08:00:00,1.892,1.897,1.887,1.888,3022517.71,5719947.05
2026-01-25 09:00:00,1.888,1.894,1.884,1.891,4125706.94,7796794.84
2026-01-25 10:00:00,1.891,1.909,1.89,1.905,3120270.15,5938406.69
2026-01-25 11:00:00,1.905,1.908,1.897,1.9,1946139.41,3702562.3
2026-01-25 12:00:00,1.9,1.9,1.895,1.898,2240282.46,4249714.77
2026-01-25 13:00:00,1.898,1.901,1.892,1.899,1725629.29,3272424.35
2026-01-25 14:00:00,1.899,1.9,1.882,1.885,4218895.18,7970638.52
2026-01-25 15:00:00,1.885,1.891,1.882,1.885,2775472.4,5235715.27
2026-01-25 16:00:00,1.885,1.885,1.844,1.851,26319790.82,48815241.78
2026-01-25 17:00:00,1.851,1.86,1.834,1.844,14056271.66,25930818.74
2026-01-25 18:00:00,1.844,1.848,1.824,1.834,12992894.06,23829270.97
2026-01-25 19:00:00,1.834,1.839,1.81,1.816,16312409.25,29711622.03
2026-01-25 20:00:00,1.816,1.825,1.811,1.822,11634178.66,21149084.39
2026-01-25 21:00:00,1.822,1.839,1.822,1.838,12340747.09,22608719.98
2026-01-25 22:00:00,1.838,1.839,1.817,1.828,8280406.13,15114595.24
2026-01-25 23:00:00,1.828,1.837,1.821,1.834,7235436.73,13247674.4
2026-01-26 00:00:00,1.834,1.852,1.831,1.851,8941491.71,16481606.1
2026-01-26 01:00:00,1.851,1.887,1.851,1.882,14745206.22,27646822.8
2026-01-26 02:00:00,1.882,1.883,1.87,1.874,6167465.4,11574132.75
2026-01-26 03:00:00,1.874,1.881,1.863,1.867,4275159.82,7999877.82
2026-01-26 04:00:00,1.867,1.892,1.867,1.876,5257235.66,9877602.77
2026-01-26 05:00:00,1.876,1.88,1.873,1.879,2731480.56,5124973.19
2026-01-26 06:00:00,1.879,1.884,1.873,1.878,3860325.54,7251317.71
2026-01-26 07:00:00,1.878,1.883,1.875,1.88,3628362.94,6819420.53
2026-01-26 08:00:00,1.88,1.903,1.878,1.887,8110733.31,15329565.7
2026-01-26 09:00:00,1.887,1.888,1.875,1.877,4200090.72,7901138.18
2026-01-26 10:00:00,1.877,1.889,1.877,1.885,2393447.79,4512011.48
2026-01-26 11:00:00,1.885,1.893,1.885,1.89,2505644.9,4733936.85
2026-01-26 12:00:00,1.89,1.9,1.89,1.897,3620761.87,6863994.71
2026-01-26 13:00:00,1.897,1.915,1.896,1.905,5528045.0,10534994.03
2026-01-26 14:00:00,1.905,1.927,1.9,1.918,12138788.76,23213055.12
2026-01-26 15:00:00,1.918,1.944,1.912,1.924,15466664.03,29787387.44
2026-01-26 16:00:00,1.924,1.937,1.917,1.917,11505815.42,22150908.38
2026-01-26 17:00:00,1.917,1.92,1.897,1.91,10264853.07,19571416.23
2026-01-26 18:00:00,1.91,1.925,1.906,1.916,8600029.59,16462451.35
2026-01-26 19:00:00,1.916,1.921,1.902,1.906,4749301.48,9085192.82
2026-01-26 20:00:00,1.906,1.908,1.889,1.891,9064044.27,17184464.03
2026-01-26 21:00:00,1.891,1.905,1.887,1.898,6200917.03,11760000.37
2026-01-26 22:00:00,1.898,1.902,1.893,1.898,3006010.53,5704195.43
2026-01-26 23:00:00,1.898,1.911,1.894,1.902,3964683.03,7543734.92
2026-01-27 00:00:00,1.902,1.903,1.897,1.902,3240931.13,6158109.11
2026-01-27 01:00:00,1.902,1.909,1.896,1.905,4501096.14,8558998.64
2026-01-27 02:00:00,1.905,1.914,1.903,1.913,2580750.74,4925560.77
2026-01-27 03:00:00,1.913,1.915,1.906,1.908,3964552.79,7574459.84
2026-01-27 04:00:00,1.908,1.915,1.905,1.907,4454443.59,8506957.35
2026-01-27 05:00:00,1.907,1.907,1.899,1.9,2171254.39,4129210.75
2026-01-27 06:00:00,1.9,1.901,1.892,1.896,3442728.31,6528320.11
2026-01-27 07:00:00,1.896,1.899,1.895,1.897,2139451.26,4059072.04
2026-01-27 08:00:00,1.897,1.9,1.891,1.892,1750658.32,3318862.53
2026-01-27 09:00:00,1.892,1.892,1.88,1.881,4103481.05,7730505.31
2026-01-27 10:00:00,1.881,1.887,1.881,1.882,2323583.54,4376988.96
2026-01-27 11:00:00,1.882,1.89,1.88,1.887,1973640.75,3720122.21
2026-01-27 12:00:00,1.887,1.891,1.882,1.883,2140155.49,4036704.7
2026-01-27 13:00:00,1.883,1.884,1.872,1.874,3487261.66,6549116.12
2026-01-27 14:00:00,1.874,1.894,1.874,1.881,7482977.71,14097184.24
2026-01-27 15:00:00,1.881,1.893,1.877,1.891,7762109.35,14625336.04
2026-01-27 16:00:00,1.891,1.914,1.89,1.912,11880307.89,22646466.04
2026-01-27 17:00:00,1.912,1.913,1.875,1.879,10328036.86,19499030.58
2026-01-27 18:00:00,1.879,1.91,1.876,1.904,7366488.97,13905895.98
2026-01-27 19:00:00,1.904,1.908,1.896,1.905,5745895.91,10933867.86
2026-01-27 20:00:00,1.905,1.927,1.904,1.921,12808282.6,24551783.75
2026-01-27 21:00:00,1.921,1.927,1.909,1.91,8031576.45,15412500.35
2026-01-27 22:00:00,1.91,1.923,1.909,1.916,4046850.63,7751227.28
2026-01-27 23:00:00,1.916,1.919,1.912,1.913,4167967.92,7984750.05
2026-01-28 00:00:00,1.913,1.917,1.906,1.909,4486694.32,8578984.29
2026-01-28 01:00:00,1.909,1.91,1.895,1.9,4560810.37,8669381.75
2026-01-28 02:00:00,1.9,1.903,1.892,1.9,3962822.21,7517896.54
2026-01-28 03:00:00,1.9,1.901,1.895,1.899,2939700.37,5580223.57
2026-01-28 04:00:00,1.899,1.902,1.894,1.899,2937245.6,5575688.69
2026-01-28 05:00:00,1.899,1.91,1.897,1.91,3811757.43,7252460.14
2026-01-28 06:00:00,1.91,1.922,1.91,1.919,4060561.57,7780581.15
2026-01-28 07:00:00,1.919,1.921,1.911,1.913,2050361.2,3928629.83
2026-01-28 08:00:00,1.913,1.916,1.906,1.907,2437352.42,4659371.37
2026-01-28 09:00:00,1.907,1.93,1.904,1.93,3452916.45,6619447.89
2026-01-28 10:00:00,1.93,1.934,1.924,1.925,2978588.91,5741831.88
2026-01-28 11:00:00,1.925,1.94,1.921,1.939,3271310.56,6307168.08
2026-01-28 12:00:00,1.939,1.94,1.922,1.924,4902510.69,9463537.11
2026-01-28 13:00:00,1.924,1.935,1.923,1.931,4496710.06,8675668.09
2026-01-28 14:00:00,1.931,1.931,1.913,1.917,6829991.83,13119204.51
2026-01-28 15:00:00,1.917,1.922,1.899,1.905,6416310.6,12245084.29
2026-01-28 16:00:00,1.905,1.913,1.899,1.905,5356434.41,10204823.64
2026-01-28 17:00:00,1.905,1.926,1.898,1.919,6289228.14,12022839.67
2026-01-28 18:00:00,1.919,1.919,1.909,1.914,7941869.91,15198280.19
2026-01-28 19:00:00,1.914,1.922,1.904,1.917,8558346.33,16375740.21
2026-01-28 20:00:00,1.917,1.93,1.913,1.915,8914631.19,17107194.5
2026-01-28 21:00:00,1.915,1.92,1.905,1.912,7490952.16,14329314.42
2026-01-28 22:00:00,1.912,1.917,1.907,1.916,3894122.95,7441102.12
2026-01-28 23:00:00,1.916,1.917,1.905,1.908,4405788.96,8415072.15
2026-01-29 00:00:00,1.908,1.911,1.898,1.904,3965160.78,7547992.5
2026-01-29 01:00:00,1.904,1.905,1.888,1.889,6544581.28,12408346.29
2026-01-29 02:00:00,1.889,1.894,1.868,1.872,8781989.89,16494817.48
2026-01-29 03:00:00,1.872,1.881,1.868,1.873,6561196.47,12288003.86
2026-01-29 04:00:00,1.873,1.877,1.863,1.876,5381875.75,10055966.26
2026-01-29 05:00:00,1.876,1.882,1.875,1.876,3245592.24,6095858.87
2026-01-29 06:00:00,1.876,1.887,1.875,1.883,3660481.57,6889080.43
2026-01-29 07:00:00,1.883,1.886,1.881,1.883,2298162.0,4330078.54
2026-01-29 08:00:00,1.883,1.887,1.874,1.877,2664779.99,5008266.7
2026-01-29 09:00:00,1.877,1.878,1.87,1.871,5771300.64,10802521.65
2026-01-29 10:00:00,1.871,1.874,1.868,1.872,2844831.98,5323596.72
2026-01-29 11:00:00,1.872,1.872,1.865,1.868,3252919.96,6077043.36
2026-01-29 12:00:00,1.868,1.872,1.863,1.87,3710792.25,6931925.53
2026-01-29 13:00:00,1.87,1.874,1.87,1.873,2858008.67,5350724.22
2026-01-29 14:00:00,1.873,1.875,1.822,1.824,22295646.54,41089802.33
2026-01-29 15:00:00,1.824,1.828,1.784,1.799,41493650.02,74903906.95
2026-01-29 16:00:00,1.799,1.817,1.79,1.814,19475465.9,35097775.29
2026-01-29 17:00:00,1.814,1.841,1.81,1.811,16847867.85,30744396.98
2026-01-29 18:00:00,1.811,1.816,1.781,1.782,20375343.36,36626186.83
2026-01-29 19:00:00,1.782,1.795,1.775,1.786,15224592.7,27180661.0
2026-01-29 20:00:00,1.786,1.806,1.783,1.798,15374749.78,27571195.0
2026-01-29 21:00:00,1.798,1.805,1.794,1.803,8635086.98,15529360.82
2026-01-29 22:00:00,1.803,1.811,1.801,1.807,4911894.66,8871198.5
2026-01-29 23:00:00,1.807,1.808,1.795,1.805,5184134.09,9338168.93
2026-01-30 00:00:00,1.805,1.81,1.795,1.796,5314874.26,9581041.67
2026-01-30 01:00:00,1.796,1.807,1.717,1.754,41626964.17,73076793.86
2026-01-30 02:00:00,1.754,1.759,1.724,1.745,21224451.95,36956264.4
2026-01-30 03:00:00,1.745,1.759,1.738,1.745,9418956.96,16478033.28
2026-01-30 04:00:00,1.745,1.77,1.745,1.761,11362119.45,19998318.4
2026-01-30 05:00:00,1.761,1.767,1.755,1.761,5325614.15,9383674.86
2026-01-30 06:00:00,1.761,1.762,1.728,1.737,8346025.31,14557839.24
2026-01-30 07:00:00,1.737,1.759,1.736,1.756,6338266.88,11094180.44
2026-01-30 08:00:00,1.756,1.76,1.741,1.747,6727390.15,11777241.8
2026-01-30 09:00:00,1.747,1.752,1.731,1.738,9203958.3,16032572.19
2026-01-30 10:00:00,1.738,1.749,1.735,1.748,5109121.35,8897181.45
2026-01-30 11:00:00,1.748,1.772,1.745,1.767,5487847.7,9625307.13
2026-01-30 12:00:00,1.767,1.772,1.756,1.759,7253861.75,12796768.5
2026-01-30 13:00:00,1.759,1.761,1.743,1.75,8961618.35,15705152.04
2026-01-30 14:00:00,1.75,1.776,1.75,1.76,15590755.26,27465139.91
2026-01-30 15:00:00,1.76,1.78,1.739,1.757,55458859.24,97788093.26
2026-01-30 16:00:00,1.757,1.772,1.746,1.76,13328585.59,23455187.37
2026-01-30 17:00:00,1.76,1.771,1.747,1.751,13079917.01,22968770.6
2026-01-30 18:00:00,1.751,1.778,1.71,1.771,25507289.6,44322713.09
2026-01-30 19:00:00,1.771,1.782,1.765,1.769,14534799.28,25777802.5
2026-01-30 20:00:00,1.769,1.769,1.731,1.737,20001644.21,34922017.02
2026-01-30 21:00:00,1.737,1.748,1.722,1.726,11984074.54,20792722.36
2026-01-30 22:00:00,1.726,1.734,1.715,1.726,8432894.69,14523976.2
2026-01-30 23:00:00,1.726,1.734,1.72,1.733,5925447.39,10239875.94
2026-01-31 00:00:00,1.733,1.739,1.731,1.735,4778071.61,8286058.26
2026-01-31 01:00:00,1.735,1.745,1.733,1.744,5203136.29,9054087.9
2026-01-31 02:00:00,1.744,1.752,1.732,1.747,5241345.29,9128105.73
2026-01-31 03:00:00,1.747,1.75,1.74,1.742,4962466.04,8657505.28
2026-01-31 04:00:00,1.742,1.746,1.734,1.735,4193524.25,7299582.49
2026-01-31 05:00:00,1.735,1.736,1.728,1.735,2865309.29,4963035.61
2026-01-31 06:00:00,1.735,1.737,1.72,1.727,3526889.61,6089396.8
2026-01-31 07:00:00,1.727,1.731,1.71,1.717,5679100.81,9760441.93
2026-01-31 08:00:00,1.717,1.72,1.678,1.692,19154621.76,32478069.89
2026-01-31 09:00:00,1.692,1.704,1.688,1.698,6032876.52,10237368.09
2026-01-31 10:00:00,1.698,1.709,1.693,1.704,6785746.49,11539455.39
2026-01-31 11:00:00,1.704,1.705,1.696,1.699,3897506.21,6625383.22
2026-01-31 12:00:00,1.699,1.699,1.684,1.688,8144615.79,13773088.91
2026-01-31 13:00:00,1.688,1.688,1.67,1.674,10045150.62,16865186.8
2026-01-31 14:00:00,1.674,1.678,1.611,1.639,40640322.65,66581049.99
2026-01-31 15:00:00,1.639,1.657,1.631,1.633,21246322.95,34907861.37
2026-01-31 16:00:00,1.633,1.647,1.601,1.608,33292389.45,54069845.01
2026-01-31 17:00:00,1.608,1.614,1.524,1.566,66816725.75,104837504.65
2026-01-31 18:00:00,1.566,1.601,1.511,1.583,48003503.88,75040326.26
2026-01-31 19:00:00,1.583,1.608,1.573,1.581,31540500.51,50125305.17
2026-01-31 20:00:00,1.581,1.6,1.57,1.592,19902517.01,31481106.12
2026-01-31 21:00:00,1.592,1.625,1.586,1.619,23220196.42,37324669.87
2026-01-31 22:00:00,1.619,1.621,1.602,1.613,10009070.47,16119518.97
2026-01-31 23:00:00,1.613,1.653,1.612,1.646,15691923.79,25689688.35
2026-02-01 00:00:00,1.646,1.675,1.642,1.663,17947466.06,29792257.05
2026-02-01 01:00:00,1.663,1.665,1.644,1.659,13829123.77,22849427.35
2026-02-01 02:00:00,1.659,1.678,1.656,1.669,11280868.08,18822696.58
2026-02-01 03:00:00,1.669,1.672,1.658,1.665,7899435.38,13146698.45
2026-02-01 04:00:00,1.665,1.672,1.66,1.664,5746291.36,9574263.26
2026-02-01 05:00:00,1.664,1.668,1.655,1.657,7551457.77,12543175.42
2026-02-01 06:00:00,1.657,1.672,1.652,1.655,7603482.58,12627619.88
2026-02-01 07:00:00,1.655,1.67,1.646,1.658,11296780.81,18698434.38
2026-02-01 08:00:00,1.658,1.676,1.657,1.662,6696844.32,11137997.53
2026-02-01 09:00:00,1.662,1.668,1.652,1.666,5087675.81,8448385.26
2026-02-01 10:00:00,1.666,1.667,1.631,1.632,7864313.8,12963515.05
2026-02-01 11:00:00,1.632,1.653,1.631,1.649,5329599.66,8758783.46
2026-02-01 12:00:00,1.649,1.649,1.632,1.639,6726039.27,11032226.26
2026-02-01 13:00:00,1.639,1.651,1.625,1.628,6784015.98,11129263.52
2026-02-01 14:00:00,1.628,1.632,1.597,1.615,15978464.15,25777083.14
2026-02-01 15:00:00,1.615,1.617,1.575,1.594,21575818.99,34299033.13
2026-02-01 16:00:00,1.594,1.608,1.581,1.591,12964230.3,20654925.46
2026-02-01 17:00:00,1.591,1.601,1.585,1.601,8998517.8,14336022.62
2026-02-01 18:00:00,1.601,1.625,1.6,1.614,13113406.3,21168030.32
2026-02-01 19:00:00,1.614,1.618,1.59,1.599,8757611.52,14024811.4
2026-02-01 20:00:00,1.599,1.613,1.579,1.598,11615936.33,18530859.15
2026-02-01 21:00:00,1.598,1.599,1.581,1.589,12598252.51,20019028.07
2026-02-01 22:00:00,1.589,1.612,1.585,1.599,10915056.37,17450177.6
2026-02-01 23:00:00,1.599,1.612,1.551,1.589,41101106.03,65191295.93
2026-02-02 00:00:00,1.589,1.617,1.577,1.603,23694079.59,37986433.77
2026-02-02 01:00:00,1.603,1.615,1.58,1.601,17572161.81,28120379.32
2026-02-02 02:00:00,1.601,1.609,1.585,1.589,15969948.08,25471315.48
2026-02-02 03:00:00,1.589,1.591,1.529,1.579,46883833.31,72786111.88
2026-02-02 04:00:00,1.579,1.599,1.556,1.575,14763241.04,23300759.48
2026-02-02 05:00:00,1.575,1.576,1.532,1.548,26362423.77,40869482.38
2026-02-02 06:00:00,1.548,1.594,1.53,1.578,34795745.58,54322764.22
2026-02-02 07:00:00,1.578,1.595,1.574,1.578,17158915.65,27168275.31
2026-02-02 08:00:00,1.578,1.599,1.578,1.588,11262592.78,17908929.9
2026-02-02 09:00:00,1.588,1.613,1.586,1.607,15685343.99,25116800.25
2026-02-02 10:00:00,1.607,1.613,1.604,1.61,9660923.17,15534675.97
2026-02-02 11:00:00,1.61,1.625,1.61,1.62,14326254.29,23183143.04
2026-02-02 12:00:00,1.62,1.654,1.62,1.645,21925823.13,35909778.3
2026-02-02 13:00:00,1.645,1.651,1.635,1.638,16068530.21,26356280.84
2026-02-02 14:00:00,1.638,1.647,1.622,1.628,29392657.68,47974984.81
2026-02-02 15:00:00,1.628,1.653,1.625,1.642,20866884.67,34242467.52
2026-02-02 16:00:00,1.642,1.656,1.637,1.643,14599790.6,24033000.38
2026-02-02 17:00:00,1.643,1.652,1.637,1.641,11490770.29,18896378.33
2026-02-02 18:00:00,1.641,1.649,1.633,1.641,9139110.2,15000241.02
2026-02-02 19:00:00,1.641,1.641,1.624,1.625,7668609.47,12520470.25
2026-02-02 20:00:00,1.625,1.632,1.611,1.613,14042878.72,22748680.8
2026-02-02 21:00:00,1.613,1.625,1.612,1.622,6747130.07,10926101.55
2026-02-02 22:00:00,1.622,1.632,1.62,1.625,6193590.58,10063349.25
2026-02-02 23:00:00,1.625,1.625,1.617,1.618,5207093.04,8437801.28
2026-02-03 00:00:00,1.618,1.621,1.606,1.617,5587225.05,9012983.54
2026-02-03 01:00:00,1.617,1.617,1.606,1.616,7010954.15,11299056.14
2026-02-03 02:00:00,1.616,1.617,1.589,1.591,8000730.02,12813873.53
2026-02-03 03:00:00,1.591,1.614,1.587,1.612,9332376.56,14920636.54
2026-02-03 04:00:00,1.612,1.623,1.608,1.621,7036356.08,11359133.23
2026-02-03 05:00:00,1.621,1.621,1.606,1.607,5191283.25,8367274.76
2026-02-03 06:00:00,1.607,1.612,1.598,1.611,5769827.59,9252994.42
2026-02-03 07:00:00,1.611,1.623,1.607,1.616,5609021.28,9051583.46
2026-02-03 08:00:00,1.616,1.624,1.611,1.615,4876387.46,7891304.14
2026-02-03 09:00:00,1.615,1.621,1.594,1.603,9481479.13,15212396.84
2026-02-03 10:00:00,1.603,1.607,1.596,1.599,3887579.96,6223919.53
2026-02-03 11:00:00,1.599,1.606,1.597,1.602,4383495.58,7023013.12
2026-02-03 12:00:00,1.602,1.609,1.597,1.607,4373298.62,7017451.78
2026-02-03 13:00:00,1.607,1.615,1.603,1.611,4788585.06,7700491.3
2026-02-03 14:00:00,1.611,1.615,1.582,1.582,17665871.38,28250977.62
2026-02-03 15:00:00,1.582,1.62,1.578,1.617,27943109.12,44683435.04
2026-02-03 16:00:00,1.617,1.617,1.581,1.585,22171460.05,35274499.64
2026-02-03 17:00:00,1.585,1.588,1.556,1.557,22324495.16,35063990.86
2026-02-03 18:00:00,1.557,1.563,1.527,1.53,36353692.05,56053012.29
2026-02-03 19:00:00,1.53,1.589,1.526,1.58,31950641.29,50052123.84
2026-02-03 20:00:00,1.58,1.638,1.565,1.617,31446760.25,50376189.75
2026-02-03 21:00:00,1.617,1.627,1.599,1.601,16073538.67,25978691.14
2026-02-03 22:00:00,1.601,1.602,1.581,1.586,11046241.43,17594937.17
2026-02-03 23:00:00,1.586,1.587,1.567,1.577,9998063.84,15761639.76
2026-02-04 00:00:00,1.577,1.584,1.565,1.574,8933898.36,14074239.61
2026-02-04 01:00:00,1.574,1.599,1.574,1.59,9658330.9,15370903.94
2026-02-04 02:00:00,1.59,1.593,1.574,1.583,7432840.75,11774399.95
2026-02-04 03:00:00,1.583,1.603,1.581,1.597,15029118.57,23954837.67
2026-02-04 04:00:00,1.597,1.601,1.591,1.593,4452763.7,7106504.12
2026-02-04 05:00:00,1.593,1.594,1.581,1.584,4684378.49,7447977.89
2026-02-04 06:00:00,1.584,1.603,1.584,1.599,6940034.26,11055838.51
2026-02-04 07:00:00,1.599,1.606,1.596,1.603,7270696.02,11642647.58
2026-02-04 08:00:00,1.603,1.61,1.598,1.608,4059375.34,6510825.61
2026-02-04 09:00:00,1.608,1.608,1.595,1.596,6314873.64,10110908.68
2026-02-04 10:00:00,1.596,1.602,1.593,1.594,3865517.53,6176121.29
2026-02-04 11:00:00,1.594,1.597,1.577,1.59,7936702.02,12582657.53
2026-02-04 12:00:00,1.59,1.596,1.587,1.589,4775684.83,7595828.98
2026-02-04 13:00:00,1.589,1.59,1.563,1.563,10157356.32,16013699.66
2026-02-04 14:00:00,1.563,1.573,1.541,1.543,21728752.43,33894426.75
2026-02-04 15:00:00,1.543,1.562,1.528,1.542,32985605.66,51000564.91
2026-02-04 16:00:00,1.542,1.548,1.515,1.529,31939679.19,48864378.74
2026-02-04 17:00:00,1.529,1.537,1.503,1.519,24959470.48,37872510.38
2026-02-04 18:00:00,1.519,1.551,1.502,1.532,27903043.29,42575973.65
2026-02-04 19:00:00,1.532,1.554,1.523,1.552,15637228.27,24049559.82
2026-02-04 20:00:00,1.552,1.553,1.532,1.534,10443171.16,16080081.13
2026-02-04 21:00:00,1.534,1.536,1.504,1.515,12529141.68,19027349.94
2026-02-04 22:00:00,1.515,1.542,1.492,1.508,21633839.82,32706766.55
2026-02-04 23:00:00,1.508,1.523,1.503,1.509,14631831.9,22143871.53
2026-02-05 00:00:00,1.509,1.512,1.486,1.488,13273362.8,19890789.5
2026-02-05 01:00:00,1.488,1.5,1.457,1.472,26573762.9,39250435.06
2026-02-05 02:00:00,1.472,1.482,1.448,1.45,25764902.47,37735916.45
2026-02-05 03:00:00,1.45,1.464,1.436,1.441,28012452.71,40539383.47
2026-02-05 04:00:00,1.441,1.455,1.434,1.443,23503516.78,33959992.98
2026-02-05 05:00:00,1.443,1.455,1.428,1.439,17665040.48,25443629.78
2026-02-05 06:00:00,1.439,1.441,1.416,1.424,18246608.86,25994267.97
2026-02-05 07:00:00,1.424,1.447,1.423,1.43,12703441.88,18257825.52
2026-02-05 08:00:00,1.43,1.44,1.415,1.425,12083522.82,17264030.32
2026-02-05 09:00:00,1.425,1.442,1.41,1.412,15837228.87,22582965.0
2026-02-05 10:00:00,1.412,1.413,1.355,1.365,29123419.39,40340447.63
2026-02-05 11:00:00,1.365,1.381,1.34,1.363,32811747.65,44612572.24
2026-02-05 12:00:00,1.363,1.375,1.352,1.363,28744366.42,39205005.59
2026-02-05 13:00:00,1.363,1.367,1.334,1.35,35485083.83,47960775.63
2026-02-05 14:00:00,1.35,1.385,1.35,1.355,33866911.52,46271139.7
2026-02-05 15:00:00,1.355,1.362,1.266,1.295,89860602.81,117038507.02
2026-02-05 16:00:00,1.295,1.309,1.27,1.278,63574263.16,81892920.97
2026-02-05 17:00:00,1.278,1.282,1.216,1.248,89202967.17,111751375.02
2026-02-05 18:00:00,1.248,1.264,1.214,1.259,63093288.88,77796655.27
2026-02-05 19:00:00,1.259,1.261,1.206,1.211,53527114.63,65920468.15
2026-02-05 20:00:00,1.211,1.221,1.136,1.188,117040837.8,137927842.34
2026-02-05 21:00:00,1.188,1.206,1.15,1.16,76973041.54,90256947.98
2026-02-05 22:00:00,1.16,1.27,1.149,1.223,62125719.2,73817767.79
2026-02-05 23:00:00,1.223,1.268,1.207,1.212,61827407.96,76488214.84
2026-02-06 00:00:00,1.212,1.233,1.119,1.216,102934407.94,120652320.82
2026-02-06 01:00:00,1.216,1.323,1.213,1.279,60058202.11,75422611.92
2026-02-06 02:00:00,1.279,1.285,1.242,1.26,40784261.64,51450788.39
2026-02-06 03:00:00,1.26,1.276,1.255,1.269,24559546.41,31065711.09
2026-02-06 04:00:00,1.269,1.29,1.262,1.28,20567988.56,26241542.5
2026-02-06 05:00:00,1.28,1.33,1.277,1.329,36411297.47,47463777.27
2026-02-06 06:00:00,1.329,1.334,1.3,1.302,24813790.1,32675216.58
2026-02-06 07:00:00,1.302,1.312,1.287,1.291,18853845.64,24440941.27
2026-02-06 08:00:00,1.291,1.307,1.284,1.301,18807028.42,24330065.58
2026-02-06 09:00:00,1.301,1.329,1.291,1.328,20815436.49,27279440.2
2026-02-06 10:00:00,1.328,1.386,1.326,1.357,37433499.21,50963268.07
2026-02-06 11:00:00,1.357,1.37,1.35,1.367,24819206.63,33740947.24
2026-02-06 12:00:00,1.367,1.382,1.357,1.38,24863526.61,34073507.38
2026-02-06 13:00:00,1.38,1.44,1.375,1.429,53790183.84,75946943.97
2026-02-06 14:00:00,1.429,1.486,1.402,1.479,60850657.71,87623219.34
2026-02-06 15:00:00,1.479,1.547,1.463,1.513,81847548.7,122788212.82
2026-02-06 16:00:00,1.513,1.534,1.486,1.49,56446877.04,85476461.65
2026-02-06 17:00:00,1.49,1.537,1.481,1.495,46126723.66,69214993.77
2026-02-06 18:00:00,1.495,1.496,1.45,1.456,40331215.46,59137879.66
2026-02-06 19:00:00,1.456,1.465,1.436,1.455,34697085.95,50289931.17
2026-02-06 20:00:00,1.455,1.462,1.438,1.448,30291541.21,43966887.88
2026-02-06 21:00:00,1.448,1.465,1.401,1.458,29875555.5,43254536.55
2026-02-06 22:00:00,1.458,1.489,1.454,1.488,26118071.9,38462227.89
2026-02-06 23:00:00,1.488,1.497,1.464,1.469,22926138.3,33884813.95
2026-02-07 00:00:00,1.469,1.487,1.445,1.458,37886548.42,55377806.64
2026-02-07 01:00:00,1.458,1.477,1.432,1.467,21954792.05,31898808.32
2026-02-07 02:00:00,1.467,1.473,1.455,1.46,10856360.15,15891202.59
2026-02-07 03:00:00,1.46,1.485,1.458,1.473,15957149.33,23525372.72
2026-02-07 04:00:00,1.473,1.484,1.451,1.461,13413140.12,19705164.56
2026-02-07 05:00:00,1.461,1.469,1.452,1.459,10766423.89,15720451.22
2026-02-07 06:00:00,1.459,1.469,1.434,1.434,14840411.81,21614137.02
2026-02-07 07:00:00,1.434,1.446,1.406,1.413,27440957.78,39002450.84
2026-02-07 08:00:00,1.413,1.428,1.403,1.423,14680784.55,20781674.11
2026-02-07 09:00:00,1.423,1.427,1.406,1.413,10845320.31,15360989.12
2026-02-07 10:00:00,1.413,1.417,1.386,1.399,16561707.21,23189954.16
2026-02-07 11:00:00,1.399,1.402,1.384,1.391,11705119.01,16278726.59
2026-02-07 12:00:00,1.391,1.439,1.39,1.417,25432040.18,36076433.19
2026-02-07 13:00:00,1.417,1.424,1.395,1.403,14875936.53,20933966.2
2026-02-07 14:00:00,1.403,1.409,1.391,1.399,13509291.36,18905461.73
2026-02-07 15:00:00,1.399,1.419,1.397,1.409,15895442.46,22395432.18
2026-02-07 16:00:00,1.409,1.435,1.405,1.418,35086063.86,49809706.72
2026-02-07 17:00:00,1.418,1.429,1.409,1.424,7671030.11,10896143.79
2026-02-07 18:00:00,1.424,1.448,1.423,1.44,12929137.68,18587117.86
2026-02-07 19:00:00,1.44,1.44,1.428,1.43,7237048.79,10368274.86
2026-02-07 20:00:00,1.43,1.441,1.427,1.436,6741314.0,9666774.55
2026-02-07 21:00:00,1.436,1.438,1.427,1.429,6249662.32,8952473.06
2026-02-07 22:00:00,1.429,1.433,1.42,1.422,7728131.08,11020981.34
2026-02-07 23:00:00,1.422,1.427,1.413,1.423,5212656.81,7401119.08
2026-02-08 00:00:00,1.423,1.428,1.414,1.42,8816569.87,12513234.48
2026-02-08 01:00:00,1.42,1.437,1.419,1.432,7382484.81,10560863.06
2026-02-08 02:00:00,1.432,1.441,1.424,1.429,7166645.46,10259224.13
2026-02-08 03:00:00,1.429,1.432,1.413,1.416,4839205.19,6886488.22
2026-02-08 04:00:00,1.416,1.423,1.409,1.422,4740234.91,6710793.12
2026-02-08 05:00:00,1.422,1.425,1.415,1.418,2508478.19,3562992.08
2026-02-08 06:00:00,1.418,1.421,1.413,1.415,2988957.49,4234188.76
2026-02-08 07:00:00,1.415,1.42,1.411,1.42,3770381.54,5340177.86
2026-02-08 08:00:00,1.42,1.462,1.419,1.453,12413726.97,17897149.07
2026-02-08 09:00:00,1.453,1.458,1.432,1.437,12221887.28,17680727.2
2026-02-08 10:00:00,1.437,1.445,1.425,1.43,6464318.82,9276333.88
2026-02-08 11:00:00,1.43,1.452,1.429,1.452,7310327.56,10556327.8
2026-02-08 12:00:00,1.452,1.456,1.443,1.455,7294737.92,10569988.01
2026-02-08 13:00:00,1.455,1.468,1.449,1.461,10477806.07,15280706.43
2026-02-08 14:00:00,1.461,1.467,1.457,1.461,10725516.13,15682986.17
2026-02-08 15:00:00,1.461,1.463,1.43,1.439,12051096.88,17388791.82
2026-02-08 16:00:00,1.439,1.445,1.409,1.418,14472992.12,20647722.82
2026-02-08 17:00:00,1.418,1.435,1.417,1.43,7584948.07,10831619.14
2026-02-08 18:00:00,1.43,1.452,1.428,1.438,10628650.38,15290660.59
2026-02-08 19:00:00,1.438,1.45,1.438,1.449,7880766.81,11387964.02
2026-02-08 20:00:00,1.449,1.449,1.433,1.436,6440931.27,9273622.24
2026-02-08 21:00:00,1.436,1.44,1.424,1.427,6615405.38,9462281.74
2026-02-08 22:00:00,1.427,1.436,1.424,1.435,4995202.58,7146032.66
2026-02-08 23:00:00,1.435,1.462,1.422,1.43,22854593.97,32897457.94
2026-02-09 00:00:00,1.43,1.441,1.424,1.432,8117112.41,11613921.13
2026-02-09 01:00:00,1.432,1.444,1.419,1.423,10217642.71,14603843.67
2026-02-09 02:00:00,1.423,1.453,1.42,1.442,9528020.51,13683033.63
2026-02-09 03:00:00,1.442,1.454,1.44,1.451,7416951.81,10732239.56
2026-02-09 04:00:00,1.451,1.452,1.443,1.447,4913860.36,7112562.79
2026-02-09 05:00:00,1.447,1.454,1.44,1.45,4834389.52,6990538.65
2026-02-09 06:00:00,1.45,1.45,1.427,1.435,7498035.49,10758541.4
2026-02-09 07:00:00,1.435,1.438,1.421,1.424,5820470.01,8321161.75
2026-02-09 08:00:00,1.424,1.429,1.4,1.406,10018350.45,14155921.22
2026-02-09 09:00:00,1.406,1.411,1.393,1.398,8390681.8,11759406.12
2026-02-09 10:00:00,1.398,1.405,1.372,1.382,14615014.86,20235235.44
2026-02-09 11:00:00,1.382,1.396,1.382,1.392,7731909.66,10745623.53
2026-02-09 12:00:00,1.392,1.413,1.392,1.407,10300074.83,14463952.75
2026-02-09 13:00:00,1.407,1.411,1.394,1.395,9387523.02,13168513.29
2026-02-09 14:00:00,1.395,1.437,1.394,1.43,21187199.79,30017307.78
2026-02-09 15:00:00,1.43,1.449,1.42,1.446,16211677.41,23263683.72
2026-02-09 16:00:00,1.446,1.463,1.435,1.451,18177943.02,26338322.54
2026-02-09 17:00:00,1.451,1.455,1.433,1.45,18224460.71,26345525.39
2026-02-09 18:00:00,1.45,1.458,1.436,1.443,13574027.46,19592804.04
2026-02-09 19:00:00,1.443,1.455,1.441,1.452,9615983.51,13920333.77
2026-02-09 20:00:00,1.452,1.457,1.444,1.454,9728125.49,14111411.48
2026-02-09 21:00:00,1.454,1.458,1.438,1.45,9791617.13,14187453.37
2026-02-09 22:00:00,1.45,1.452,1.442,1.444,4045529.87,5855891.65
2026-02-09 23:00:00,1.444,1.448,1.434,1.436,4514808.35,6504422.91
2026-02-10 00:00:00,1.436,1.441,1.433,1.437,4611232.67,6630071.68
2026-02-10 01:00:00,1.437,1.452,1.436,1.447,6478181.02,9365639.47
2026-02-10 02:00:00,1.447,1.449,1.442,1.447,2982011.07,4310279.19
2026-02-10 03:00:00,1.447,1.45,1.428,1.434,8336840.05,11980571.23
2026-02-10 04:00:00,1.434,1.451,1.434,1.446,5123152.22,7397963.4
2026-02-10 05:00:00,1.446,1.448,1.436,1.441,3850682.28,5552203.09
2026-02-10 06:00:00,1.441,1.441,1.414,1.419,7344740.57,10487858.61
2026-02-10 07:00:00,1.419,1.427,1.419,1.421,3417191.11,4862413.79
2026-02-10 08:00:00,1.421,1.431,1.414,1.428,3943341.44,5605033.67
2026-02-10 09:00:00,1.428,1.434,1.416,1.42,5573206.34,7948026.45
2026-02-10 10:00:00,1.42,1.422,1.414,1.415,4783371.31,6779904.45
2026-02-10 11:00:00,1.415,1.418,1.405,1.407,5328795.49,7523832.89
2026-02-10 12:00:00,1.407,1.413,1.405,1.408,5781651.49,8143590.02
2026-02-10 13:00:00,1.408,1.416,1.403,1.414,6774972.36,9554433.5
2026-02-10 14:00:00,1.414,1.425,1.392,1.402,15308953.33,21521844.21
2026-02-10 15:00:00,1.402,1.413,1.397,1.406,13754856.88,19342995.64
2026-02-10 16:00:00,1.406,1.42,1.399,1.416,9865234.67,13920876.55
2026-02-10 17:00:00,1.416,1.429,1.413,1.424,9734926.2,13841873.98
2026-02-10 18:00:00,1.424,1.425,1.393,1.401,12685219.66,17845243.32
2026-02-10 19:00:00,1.401,1.408,1.396,1.4,8217910.64,11522418.26
2026-02-10 20:00:00,1.4,1.402,1.392,1.396,9869903.67,13796141.34
2026-02-10 21:00:00,1.396,1.401,1.391,1.394,6311923.3,8816083.0
2026-02-10 22:00:00,1.394,1.404,1.393,1.399,4988867.14,6974055.89
2026-02-10 23:00:00,1.399,1.401,1.395,1.399,3528151.94,4933174.98
2026-02-11 00:00:00,1.399,1.413,1.398,1.409,5303237.91,7450695.94
2026-02-11 01:00:00,1.409,1.414,1.406,1.41,4959158.42,6994306.27
2026-02-11 02:00:00,1.41,1.42,1.409,1.409,6772372.57,9580119.57
2026-02-11 03:00:00,1.409,1.411,1.394,1.403,7706143.55,10813529.15
2026-02-11 04:00:00,1.403,1.408,1.379,1.384,14416391.3,20034201.62
2026-02-11 05:00:00,1.384,1.392,1.374,1.375,6932509.37,9587757.45
2026-02-11 06:00:00,1.375,1.377,1.357,1.359,14759890.85,20149288.36
2026-02-11 07:00:00,1.359,1.372,1.357,1.366,6283143.06,8573872.61
2026-02-11 08:00:00,1.366,1.371,1.36,1.366,6358498.26,8685197.28
2026-02-11 09:00:00,1.366,1.369,1.356,1.361,6456671.57,8795203.8
2026-02-11 10:00:00,1.361,1.364,1.355,1.361,5868264.23,7975462.79
2026-02-11 11:00:00,1.361,1.38,1.36,1.378,8040725.57,11033786.92
2026-02-11 12:00:00,1.378,1.379,1.37,1.372,6254953.92,8596230.52
2026-02-11 13:00:00,1.372,1.38,1.36,1.375,15531334.27,21265069.93
2026-02-11 14:00:00,1.375,1.408,1.358,1.361,33490507.58,46315701.6
2026-02-11 15:00:00,1.361,1.369,1.345,1.354,29553681.47,40008345.22
2026-02-11 16:00:00,1.354,1.369,1.344,1.344,17227823.23,23347990.34
2026-02-11 17:00:00,1.344,1.379,1.342,1.369,15509734.89,21168231.13
2026-02-11 18:00:00,1.369,1.384,1.361,1.377,10115822.44,13923970.39
2026-02-11 19:00:00,1.377,1.386,1.371,1.378,9263706.73,12776360.93
2026-02-11 20:00:00,1.378,1.385,1.374,1.381,8388724.47,11572380.26
2026-02-11 21:00:00,1.381,1.396,1.379,1.382,13265495.81,18392691.56
2026-02-11 22:00:00,1.382,1.383,1.369,1.371,7292682.29,10041764.33
2026-02-11 23:00:00,1.371,1.372,1.358,1.369,8141227.43,11117970.21
2026-02-12 00:00:00,1.369,1.384,1.367,1.377,7002931.51,9645368.06
2026-02-12 01:00:00,1.377,1.385,1.377,1.38,5028211.62,6949671.13
2026-02-12 02:00:00,1.38,1.384,1.373,1.376,4385524.42,6043281.4
2026-02-12 03:00:00,1.376,1.379,1.37,1.374,3521889.76,4842278.19
2026-02-12 04:00:00,1.374,1.38,1.371,1.375,3400845.62,4678843.59
2026-02-12 05:00:00,1.375,1.381,1.372,1.379,4641270.16,6390140.35
2026-02-12 06:00:00,1.379,1.388,1.377,1.382,2796851.54,3864575.36
2026-02-12 07:00:00,1.382,1.385,1.376,1.381,3147185.69,4344887.55
2026-02-12 08:00:00,1.381,1.384,1.376,1.381,3818774.11,5270423.18
2026-02-12 09:00:00,1.381,1.396,1.379,1.395,4626154.03,6426864.14
2026-02-12 10:00:00,1.395,1.403,1.388,1.403,4051806.06,5655199.43
2026-02-12 11:00:00,1.403,1.407,1.393,1.401,6494122.47,9097759.87
2026-02-12 12:00:00,1.401,1.402,1.389,1.392,3726933.51,5198949.01
2026-02-12 13:00:00,1.392,1.402,1.385,1.401,6364326.58,8865336.5
2026-02-12 14:00:00,1.401,1.402,1.384,1.389,10304309.61,14340197.41
2026-02-12 15:00:00,1.389,1.396,1.374,1.375,16049858.95,22219849.3
2026-02-12 16:00:00,1.375,1.377,1.346,1.352,24757559.2,33640490.54
2026-02-12 17:00:00,1.352,1.379,1.345,1.362,12854283.47,17493948.6
2026-02-12 18:00:00,1.362,1.367,1.351,1.362,8844984.8,12026888.99
2026-02-12 19:00:00,1.362,1.375,1.354,1.364,7574744.46,10343364.65
2026-02-12 20:00:00,1.364,1.366,1.35,1.351,8576875.14,11636705.92
2026-02-12 21:00:00,1.351,1.357,1.348,1.351,6426431.39,8687119.29
2026-02-12 22:00:00,1.351,1.365,1.349,1.363,5786819.14,7849746.76
2026-02-12 23:00:00,1.363,1.369,1.359,1.362,6851778.23,9343642.76
2026-02-13 00:00:00,1.362,1.367,1.348,1.352,6436787.76,8721973.68
2026-02-13 01:00:00,1.352,1.361,1.348,1.357,4800810.89,6507321.07
2026-02-13 02:00:00,1.357,1.368,1.356,1.366,4347450.77,5922029.93
2026-02-13 03:00:00,1.366,1.371,1.361,1.364,4273508.66,5837626.85
2026-02-13 04:00:00,1.364,1.367,1.357,1.357,3611350.39,4916204.46
2026-02-13 05:00:00,1.357,1.36,1.352,1.352,2638049.62,3578647.63
2026-02-13 06:00:00,1.352,1.357,1.347,1.356,3363834.39,4545477.25
2026-02-13 07:00:00,1.356,1.362,1.348,1.353,3876163.02,5253828.88
2026-02-13 08:00:00,1.353,1.368,1.351,1.366,4023190.9,5478658.5
2026-02-13 09:00:00,1.366,1.37,1.364,1.367,4233203.0,5785818.31
2026-02-13 10:00:00,1.367,1.372,1.364,1.367,3373406.34,4614755.99
2026-02-13 11:00:00,1.367,1.369,1.36,1.367,3530554.54,4816635.1
2026-02-13 12:00:00,1.367,1.367,1.359,1.364,4128342.03,5622550.14
2026-02-13 13:00:00,1.364,1.381,1.361,1.376,12191442.65,16749189.41
2026-02-13 14:00:00,1.376,1.393,1.367,1.384,22282500.08,30767072.36
2026-02-13 15:00:00,1.384,1.421,1.38,1.404,32103494.65,45037643.7
2026-02-13 16:00:00,1.404,1.428,1.399,1.416,19053260.55,26988572.31
2026-02-13 17:00:00,1.416,1.42,1.407,1.414,8939694.18,12641259.13
2026-02-13 18:00:00,1.414,1.42,1.405,1.415,8258787.07,11666654.4
2026-02-13 19:00:00,1.415,1.419,1.408,1.411,8105972.53,11453788.59
2026-02-13 20:00:00,1.411,1.413,1.404,1.413,8857301.8,12477209.77
2026-02-13 21:00:00,1.413,1.416,1.406,1.409,5052188.97,7132125.58
2026-02-13 22:00:00,1.409,1.409,1.397,1.402,6319877.42,8858824.02
2026-02-13 23:00:00,1.402,1.408,1.401,1.406,3970734.35,5575666.47
2026-02-14 00:00:00,1.406,1.416,1.404,1.414,4095878.92,5771317.68
2026-02-14 01:00:00,1.414,1.417,1.41,1.412,4813132.84,6802954.85
2026-02-14 02:00:00,1.412,1.414,1.409,1.41,3040431.58,4292019.04
2026-02-14 03:00:00,1.41,1.417,1.41,1.416,4140232.2,5855068.71
2026-02-14 04:00:00,1.416,1.419,1.412,1.412,2766980.5,3916471.18
2026-02-14 05:00:00,1.412,1.415,1.407,1.408,2445387.32,3450110.58
2026-02-14 06:00:00,1.408,1.414,1.407,1.414,3305585.8,4666881.17
2026-02-14 07:00:00,1.414,1.425,1.411,1.422,2976534.01,4221237.92
2026-02-14 08:00:00,1.422,1.448,1.421,1.446,8896137.56,12775929.12
2026-02-14 09:00:00,1.446,1.46,1.446,1.451,9214940.79,13378887.94
2026-02-14 10:00:00,1.451,1.451,1.441,1.447,3344533.64,4834761.68
2026-02-14 11:00:00,1.447,1.473,1.446,1.471,12112787.05,17733236.53
2026-02-14 12:00:00,1.471,1.476,1.46,1.464,11203501.62,16460722.01
2026-02-14 13:00:00,1.464,1.469,1.451,1.457,7819220.16,11409774.6
2026-02-14 14:00:00,1.457,1.488,1.455,1.471,10746796.09,15735107.83
2026-02-14 15:00:00,1.471,1.473,1.464,1.469,7657668.68,11243288.02
2026-02-14 16:00:00,1.469,1.476,1.457,1.474,7733593.37,11328603.91
2026-02-14 17:00:00,1.474,1.479,1.468,1.473,7252299.55,10683568.99
2026-02-14 18:00:00,1.473,1.493,1.47,1.488,11489528.16,17042726.97
2026-02-14 19:00:00,1.488,1.5,1.484,1.497,12758463.93,19056926.3
2026-02-14 20:00:00,1.497,1.508,1.487,1.494,11162840.57,16703192.13
2026-02-14 21:00:00,1.494,1.504,1.488,1.497,9672689.3,14487109.12
2026-02-14 22:00:00,1.497,1.504,1.493,1.5,6788007.09,10174845.07
2026-02-14 23:00:00,1.5,1.513,1.499,1.509,11000060.99,16571194.94
2026-02-15 00:00:00,1.509,1.532,1.505,1.521,18502069.99,28102561.52
2026-02-15 01:00:00,1.521,1.544,1.515,1.528,18614128.88,28465232.92
2026-02-15 02:00:00,1.528,1.535,1.516,1.527,11335683.66,17302171.04
2026-02-15 03:00:00,1.527,1.533,1.506,1.526,12332647.14,18730415.47
2026-02-15 04:00:00,1.526,1.559,1.525,1.545,20729970.2,32003526.73
2026-02-15 05:00:00,1.545,1.589,1.545,1.583,16240930.36,25482241.3
2026-02-15 06:00:00,1.583,1.588,1.572,1.579,8968833.73,14167277.12
2026-02-15 07:00:00,1.579,1.65,1.575,1.649,18736410.11,30180398.5
2026-02-15 08:00:00,1.649,1.67,1.611,1.616,32291418.75,52990897.81
2026-02-15 09:00:00,1.616,1.622,1.588,1.59,13040125.47,20960391.44
2026-02-15 10:00:00,1.59,1.596,1.573,1.585,16753410.98,26538376.97
2026-02-15 11:00:00,1.585,1.595,1.557,1.561,12702764.43,19999462.57
2026-02-15 12:00:00,1.561,1.565,1.519,1.52,19079554.77,29506487.14
2026-02-15 13:00:00,1.52,1.539,1.511,1.518,21381382.0,32591188.67
2026-02-15 14:00:00,1.518,1.537,1.514,1.532,16427142.45,25056254.19
2026-02-15 15:00:00,1.532,1.543,1.521,1.523,10866487.26,16640199.7
2026-02-15 16:00:00,1.523,1.523,1.506,1.521,11066533.71,16768097.8
2026-02-15 17:00:00,1.521,1.524,1.481,1.493,20709135.56,31040824.31
2026-02-15 18:00:00,1.493,1.494,1.464,1.468,23530397.89,34815221.92
2026-02-15 19:00:00,1.468,1.469,1.447,1.453,13995770.31,20407225.65
2026-02-15 20:00:00,1.453,1.466,1.444,1.461,14562416.35,21209118.76
2026-02-15 21:00:00,1.461,1.475,1.461,1.472,8288197.31,12170202.37
2026-02-15 22:00:00,1.472,1.489,1.468,1.486,12538906.72,18553554.51
2026-02-15 23:00:00,1.486,1.486,1.458,1.475,13632123.03,20013502.34
2026-02-16 00:00:00,1.475,1.486,1.471,1.478,8786721.0,12995216.1
2026-02-16 01:00:00,1.478,1.482,1.464,1.473,7428261.1,10941768.06
2026-02-16 02:00:00,1.473,1.48,1.454,1.456,7942462.51,11647226.11
2026-02-16 03:00:00,1.456,1.462,1.453,1.461,4805311.84,7006970.38
2026-02-16 04:00:00,1.461,1.475,1.459,1.473,5421019.01,7955525.63
2026-02-16 05:00:00,1.473,1.475,1.445,1.455,10123507.0,14721060.78
2026-02-16 06:00:00,1.455,1.468,1.454,1.464,4478161.35,6535709.83
2026-02-16 07:00:00,1.464,1.47,1.457,1.46,5801661.49,8493983.31
2026-02-16 08:00:00,1.46,1.47,1.46,1.469,5040402.25,7394382.24
2026-02-16 09:00:00,1.469,1.513,1.468,1.501,14177606.56,21187445.71
2026-02-16 10:00:00,1.501,1.502,1.483,1.489,9352216.68,13943277.01
2026-02-16 11:00:00,1.489,1.492,1.468,1.483,7852395.46,11622259.79
2026-02-16 12:00:00,1.483,1.507,1.48,1.504,13945576.63,20847054.4
2026-02-16 13:00:00,1.504,1.516,1.476,1.49,27156766.59,40599080.77
2026-02-16 14:00:00,1.49,1.508,1.485,1.494,13296390.14,19897301.36
2026-02-16 15:00:00,1.494,1.502,1.461,1.473,19605316.39,28993675.1
2026-02-16 16:00:00,1.473,1.494,1.472,1.487,14287425.24,21215587.39
2026-02-16 17:00:00,1.487,1.492,1.481,1.482,8588424.52,12765737.74
2026-02-16 18:00:00,1.482,1.486,1.47,1.471,6466750.32,9565105.25
2026-02-16 19:00:00,1.471,1.481,1.471,1.474,5988352.38,8843558.85
2026-02-16 20:00:00,1.474,1.488,1.468,1.485,7671235.87,11330598.65
2026-02-16 21:00:00,1.485,1.494,1.48,1.491,7099738.1,10547019.56
2026-02-16 22:00:00,1.491,1.493,1.481,1.483,4654278.43,6916235.16
2026-02-16 23:00:00,1.483,1.49,1.481,1.487,3790500.53,5632205.4
2026-02-17 00:00:00,1.487,1.49,1.481,1.483,3531170.45,5246216.78
2026-02-17 01:00:00,1.483,1.491,1.478,1.479,5506002.19,8175448.4
2026-02-17 02:00:00,1.479,1.493,1.473,1.486,7063458.49,10498571.69
2026-02-17 03:00:00,1.486,1.489,1.482,1.483,3619728.27,5375314.99
2026-02-17 04:00:00,1.483,1.488,1.474,1.486,4186551.95,6198622.3
2026-02-17 05:00:00,1.486,1.487,1.47,1.475,4329765.01,6391963.23
2026-02-17 06:00:00,1.475,1.48,1.474,1.478,2076832.02,3066646.43
2026-02-17 07:00:00,1.478,1.478,1.469,1.472,2571254.75,3784741.77
2026-02-17 08:00:00,1.472,1.476,1.463,1.466,3873589.44,5690237.57
2026-02-17 09:00:00,1.466,1.466,1.453,1.461,4327860.85,6314331.76
2026-02-17 10:00:00,1.461,1.462,1.451,1.455,3374772.62,4910226.71
2026-02-17 11:00:00,1.455,1.459,1.449,1.452,7847532.22,11401728.85
2026-02-17 12:00:00,1.452,1.462,1.451,1.456,4277125.46,6231047.25
2026-02-17 13:00:00,1.456,1.463,1.451,1.457,6363617.23,9266871.62
2026-02-17 14:00:00,1.457,1.462,1.426,1.434,23278973.71,33561851.26
2026-02-17 15:00:00,1.434,1.458,1.434,1.456,16818686.28,24340526.52
2026-02-17 16:00:00,1.456,1.494,1.456,1.476,21497735.66,31803627.57
2026-02-17 17:00:00,1.476,1.479,1.456,1.464,12860775.12,18860278.68
2026-02-17 18:00:00,1.464,1.489,1.463,1.483,10724426.91,15843172.52
2026-02-17 19:00:00,1.483,1.489,1.476,1.485,7872308.9,11672298.23
2026-02-17 20:00:00,1.485,1.488,1.474,1.487,9128968.19,13519844.37
2026-02-17 21:00:00,1.487,1.493,1.479,1.483,8446075.22,12548795.7
2026-02-17 22:00:00,1.483,1.484,1.472,1.474,4533554.32,6703690.19
2026-02-17 23:00:00,1.474,1.477,1.47,1.474,3766019.47,5550182.9
2026-02-18 00:00:00,1.474,1.479,1.468,1.469,4470990.91,6589259.9
2026-02-18 01:00:00,1.469,1.47,1.463,1.466,6713945.39,9849541.75
2026-02-18 02:00:00,1.466,1.476,1.466,1.475,4569737.21,6720723.09
2026-02-18 03:00:00,1.475,1.482,1.473,1.478,3757397.12,5557408.49
2026-02-18 04:00:00,1.478,1.484,1.476,1.48,2772229.18,4101868.24
2026-02-18 05:00:00,1.48,1.487,1.475,1.475,3661512.15,5418940.76
2026-02-18 06:00:00,1.475,1.483,1.475,1.48,1894200.56,2802340.34
2026-02-18 07:00:00,1.48,1.488,1.476,1.486,1909336.06,2828576.0
2026-02-18 08:00:00,1.486,1.493,1.485,1.489,3277001.45,4879112.4
2026-02-18 09:00:00,1.489,1.491,1.484,1.487,1952116.88,2904038.33
2026-02-18 10:00:00,1.487,1.489,1.476,1.478,3447279.02,5110167.65
2026-02-18 11:00:00,1.478,1.478,1.463,1.466,5302067.17,7791225.87
2026-02-18 12:00:00,1.466,1.471,1.458,1.464,5021124.74,7353325.23
2026-02-18 13:00:00,1.464,1.471,1.46,1.469,5881267.13,8622325.85
2026-02-18 14:00:00,1.469,1.471,1.452,1.465,10749404.06,15702995.87
2026-02-18 15:00:00,1.465,1.488,1.464,1.476,11951132.02,17626840.74
2026-02-18 16:00:00,1.476,1.477,1.457,1.459,9286637.46,13574324.52
2026-02-18 17:00:00,1.459,1.47,1.454,1.456,7073761.8,10325847.71
2026-02-18 18:00:00,1.456,1.458,1.44,1.44,12022875.74,17405725.64
2026-02-18 19:00:00,1.44,1.445,1.419,1.422,20095429.62,28725902.12
2026-02-18 20:00:00,1.422,1.432,1.42,1.421,12279368.76,17505132.06
2026-02-18 21:00:00,1.421,1.428,1.416,1.42,7963774.95,11321871.85
2026-02-18 22:00:00,1.42,1.424,1.415,1.42,7436609.9,10555836.76
2026-02-18 23:00:00,1.42,1.422,1.41,1.421,5795962.27,8201694.56
2026-02-19 00:00:00,1.421,1.423,1.414,1.417,4386086.57,6225329.02
2026-02-19 01:00:00,1.417,1.426,1.414,1.426,6000899.41,8529770.54
2026-02-19 02:00:00,1.426,1.429,1.419,1.426,5546440.2,7904543.45
2026-02-19 03:00:00,1.426,1.43,1.422,1.428,4609030.04,6574086.51
2026-02-19 04:00:00,1.428,1.43,1.416,1.417,2833602.3,4032596.22
2026-02-19 05:00:00,1.417,1.421,1.405,1.412,10061832.26,14199574.52
2026-02-19 06:00:00,1.412,1.427,1.411,1.427,7519565.98,10687445.71
2026-02-19 07:00:00,1.427,1.437,1.422,1.432,9085739.64,12992835.47
2026-02-19 08:00:00,1.432,1.433,1.414,1.415,5433806.66,7728264.47
2026-02-19 09:00:00,1.415,1.427,1.414,1.414,4598180.26,6525558.31
2026-02-19 10:00:00,1.414,1.417,1.407,1.41,3184978.67,4498125.9
2026-02-19 11:00:00,1.41,1.416,1.406,1.409,2914300.74,4111838.63
2026-02-19 12:00:00,1.409,1.413,1.405,1.407,4064176.63,5730385.22
2026-02-19 13:00:00,1.407,1.408,1.386,1.392,13333068.6,18629788.63
2026-02-19 14:00:00,1.392,1.405,1.39,1.4,15497500.17,21651189.51
2026-02-19 15:00:00,1.4,1.409,1.386,1.397,16971090.73,23711777.32
2026-02-19 16:00:00,1.397,1.398,1.381,1.392,12824416.02,17827458.1
2026-02-19 17:00:00,1.392,1.412,1.39,1.396,10534411.54,14766634.89
2026-02-19 18:00:00,1.396,1.413,1.394,1.413,8807808.69,12383642.02
2026-02-19 19:00:00,1.413,1.418,1.404,1.412,6820362.33,9624760.4
2026-02-19 20:00:00,1.412,1.414,1.404,1.411,6458636.41,9099162.45
2026-02-19 21:00:00,1.411,1.412,1.407,1.408,5138631.15,7246446.14
2026-02-19 22:00:00,1.408,1.41,1.395,1.4,9093713.2,12735928.77
2026-02-19 23:00:00,1.4,1.409,1.399,1.406,3974637.89,5581996.92
2026-02-20 00:00:00,1.406,1.421,1.405,1.416,5425622.5,7678172.73
2026-02-20 01:00:00,1.416,1.425,1.415,1.425,4480813.77,6362118.79
2026-02-20 02:00:00,1.425,1.428,1.417,1.417,4791989.92,6816925.03
2026-02-20 03:00:00,1.417,1.42,1.411,1.412,3742796.44,5299024.4
2026-02-20 04:00:00,1.412,1.413,1.4,1.41,3960959.13,5573394.37
2026-02-20 05:00:00,1.41,1.424,1.404,1.418,4213361.9,5968121.66
2026-02-20 06:00:00,1.418,1.421,1.413,1.42,4283517.79,6072945.67
2026-02-20 07:00:00,1.42,1.423,1.416,1.419,1951139.44,2770520.91
2026-02-20 08:00:00,1.419,1.422,1.414,1.418,2346535.4,3326003.6
2026-02-20 09:00:00,1.418,1.428,1.418,1.422,4949815.49,7049677.85
2026-02-20 10:00:00,1.422,1.427,1.42,1.421,3344980.61,4762318.73
2026-02-20 11:00:00,1.421,1.422,1.403,1.405,3589737.52,5068322.41
2026-02-20 12:00:00,1.405,1.409,1.403,1.405,6047534.97,8503488.53
2026-02-20 13:00:00,1.405,1.405,1.378,1.384,14181092.94,19688804.56
2026-02-20 14:00:00,1.384,1.407,1.383,1.4,11645935.41,16262922.35
2026-02-20 15:00:00,1.4,1.432,1.4,1.429,25213831.95,35751561.21
2026-02-20 16:00:00,1.429,1.439,1.423,1.432,19921723.29,28508144.29
2026-02-20 17:00:00,1.432,1.432,1.407,1.429,16310924.76,23152271.5
2026-02-20 18:00:00,1.429,1.439,1.423,1.433,13876926.3,19845745.99
2026-02-20 19:00:00,1.433,1.435,1.421,1.423,6783008.32,9674743.01
2026-02-20 20:00:00,1.423,1.429,1.414,1.419,9299576.7,13214253.32
2026-02-20 21:00:00,1.419,1.425,1.417,1.421,5488115.44,7794963.99
2026-02-20 22:00:00,1.421,1.432,1.417,1.43,7195691.32,10253756.29
2026-02-20 23:00:00,1.43,1.431,1.424,1.429,2662594.64,3802070.23
2026-02-21 00:00:00,1.429,1.429,1.419,1.422,2439993.64,3472161.37
2026-02-21 01:00:00,1.422,1.433,1.422,1.43,2679006.22,3825960.58
2026-02-21 02:00:00,1.43,1.433,1.428,1.43,3358452.52,4806437.52
2026-02-21 03:00:00,1.43,1.43,1.423,1.425,3672418.33,5237777.21
2026-02-21 04:00:00,1.425,1.429,1.424,1.428,1539403.12,2195579.14
2026-02-21 05:00:00,1.428,1.431,1.426,1.428,1010750.88,1444145.14
2026-02-21 06:00:00,1.428,1.435,1.428,1.429,1630632.34,2333749.88
2026-02-21 07:00:00,1.429,1.432,1.428,1.431,1491290.65,2133293.26
2026-02-21 08:00:00,1.431,1.435,1.427,1.434,1935117.15,2768878.61
2026-02-21 09:00:00,1.434,1.446,1.433,1.439,4492799.99,6471598.62
2026-02-21 10:00:00,1.439,1.442,1.437,1.44,1926155.85,2773348.49
2026-02-21 11:00:00,1.44,1.445,1.438,1.444,5898308.87,8507252.31
2026-02-21 12:00:00,1.444,1.445,1.436,1.44,2746305.43,3954396.71
2026-02-21 13:00:00,1.44,1.448,1.437,1.447,2362231.9,3402617.01
2026-02-21 14:00:00,1.447,1.464,1.445,1.455,11419634.88,16627039.39
2026-02-21 15:00:00,1.455,1.457,1.447,1.45,7296041.98,10596876.32
2026-02-21 16:00:00,1.45,1.452,1.438,1.441,7990160.02,11523096.3
2026-02-21 17:00:00,1.441,1.443,1.436,1.442,3331450.16,4796134.16
2026-02-21 18:00:00,1.442,1.449,1.441,1.448,4437255.55,6419407.9
2026-02-21 19:00:00,1.448,1.448,1.441,1.443,3580481.85,5170366.33
2026-02-21 20:00:00,1.443,1.443,1.435,1.437,3334312.46,4799185.45
2026-02-21 21:00:00,1.437,1.442,1.436,1.441,2511872.5,3614153.34
2026-02-21 22:00:00,1.441,1.443,1.431,1.432,5094349.23,7325496.8
2026-02-21 23:00:00,1.432,1.435,1.43,1.43,2648560.97,3794281.52
2026-02-22 00:00:00,1.43,1.433,1.424,1.428,4214717.06,6019323.6
2026-02-22 01:00:00,1.428,1.433,1.427,1.432,3538167.12,5058735.87
2026-02-22 02:00:00,1.432,1.432,1.422,1.424,4235968.81,6047419.3
2026-02-22 03:00:00,1.424,1.427,1.418,1.423,3347133.79,4760483.26
2026-02-22 04:00:00,1.423,1.425,1.421,1.422,1704454.82,2425955.18
2026-02-22 05:00:00,1.422,1.422,1.417,1.42,2141576.12,3040174.58
2026-02-22 06:00:00,1.42,1.424,1.418,1.423,2705581.43,3844111.8
2026-02-22 07:00:00,1.423,1.423,1.419,1.421,1497079.19,2127529.07
2026-02-22 08:00:00,1.421,1.423,1.417,1.418,1200030.02,1703425.53
2026-02-22 09:00:00,1.418,1.422,1.417,1.42,843848.92,1198438.9
2026-02-22 10:00:00,1.42,1.426,1.419,1.421,862985.79,1228097.64
2026-02-22 11:00:00,1.421,1.424,1.42,1.423,787937.84,1121043.22
2026-02-22 12:00:00,1.423,1.423,1.407,1.409,3568337.69,5038682.05
2026-02-22 13:00:00,1.409,1.411,1.397,1.4,4839922.17,6791560.25
2026-02-22 14:00:00,1.4,1.402,1.394,1.397,7277920.54,10171482.67
2026-02-22 15:00:00,1.397,1.397,1.386,1.393,7380528.98,10267410.07
2026-02-22 16:00:00,1.393,1.395,1.388,1.392,3919105.36,5451450.71
2026-02-22 17:00:00,1.392,1.392,1.383,1.388,3937839.08,5462493.1
2026-02-22 18:00:00,1.388,1.391,1.387,1.39,2106893.27,2926841.15
2026-02-22 19:00:00,1.39,1.39,1.385,1.386,2918098.43,4047156.32
2026-02-22 20:00:00,1.386,1.386,1.38,1.383,5724343.3,7915806.89
2026-02-22 21:00:00,1.383,1.391,1.383,1.391,3239746.5,4495190.76
2026-02-22 22:00:00,1.391,1.401,1.389,1.401,6694867.7,9335211.64
2026-02-22 23:00:00,1.401,1.401,1.388,1.393,5436006.07,7573185.32
2026-02-23 00:00:00,1.393,1.394,1.363,1.365,10252898.0,14118906.53
2026-02-23 01:00:00,1.365,1.366,1.33,1.332,39502782.05,53110272.7
2026-02-23 02:00:00,1.332,1.344,1.332,1.342,9212752.78,12331001.02
2026-02-23 03:00:00,1.342,1.352,1.339,1.341,7134115.03,9586264.89
2026-02-23 04:00:00,1.341,1.342,1.336,1.339,5540345.38,7415465.11
2026-02-23 05:00:00,1.339,1.348,1.339,1.343,8110563.12,10898896.09
2026-02-23 06:00:00,1.343,1.369,1.342,1.368,8445442.2,11453593.13
2026-02-23 07:00:00,1.368,1.378,1.367,1.371,4381331.74,6007048.71
2026-02-23 08:00:00,1.371,1.373,1.362,1.366,6377995.98,8714247.55
2026-02-23 09:00:00,1.366,1.396,1.366,1.391,10471623.9,14467625.6
2026-02-23 10:00:00,1.391,1.397,1.387,1.393,6484075.04,9030301.89
2026-02-23 11:00:00,1.393,1.406,1.392,1.397,8018201.53,11210962.98
2026-02-23 12:00:00,1.397,1.425,1.395,1.413,14500774.49,20462115.67
2026-02-23 13:00:00,1.413,1.415,1.395,1.396,10258335.75,14420330.8
2026-02-23 14:00:00,1.396,1.399,1.371,1.383,21541144.18,29850004.3
2026-02-23 15:00:00,1.383,1.39,1.367,1.371,19647818.45,27090207.49
2026-02-23 16:00:00,1.371,1.378,1.361,1.366,14177050.26,19415615.28
2026-02-23 17:00:00,1.366,1.37,1.348,1.364,14689140.32,19962957.93
2026-02-23 18:00:00,1.364,1.375,1.361,1.365,11301993.67,15444252.4
2026-02-23 19:00:00,1.365,1.367,1.355,1.357,8959874.12,12191740.42
2026-02-23 20:00:00,1.357,1.36,1.35,1.355,10296555.11,13947765.59
2026-02-23 21:00:00,1.355,1.363,1.35,1.362,9752957.15,13235887.65
2026-02-23 22:00:00,1.362,1.367,1.355,1.356,6455499.41,8796629.92
2026-02-23 23:00:00,1.356,1.359,1.35,1.351,5160132.93,6993589.16
2026-02-24 00:00:00,1.351,1.358,1.351,1.357,4745327.04,6434275.61
2026-02-24 01:00:00,1.357,1.362,1.327,1.35,19080588.92,25698829.65
2026-02-24 02:00:00,1.35,1.357,1.343,1.348,9047151.91,12198778.53
2026-02-24 03:00:00,1.348,1.348,1.328,1.332,11842309.31,15817811.96
2026-02-24 04:00:00,1.332,1.334,1.321,1.331,10409736.17,13828881.74
2026-02-24 05:00:00,1.331,1.342,1.325,1.331,9508845.73,12669353.15
2026-02-24 06:00:00,1.331,1.337,1.326,1.329,4857976.43,6465871.73
2026-02-24 07:00:00,1.329,1.331,1.322,1.326,5298507.68,7029838.96
2026-02-24 08:00:00,1.326,1.335,1.322,1.332,6034529.25,8012178.11
2026-02-24 09:00:00,1.332,1.334,1.321,1.332,4463137.64,5927241.73
2026-02-24 10:00:00,1.332,1.336,1.327,1.331,4998610.2,6654888.03
2026-02-24 11:00:00,1.331,1.334,1.328,1.333,4450627.76,5925922.62
2026-02-24 12:00:00,1.333,1.338,1.329,1.332,9253715.01,12342582.77
2026-02-24 13:00:00,1.332,1.336,1.323,1.331,7968072.58,10603949.91
2026-02-24 14:00:00,1.331,1.345,1.312,1.336,22724617.11,30193248.71
2026-02-24 15:00:00,1.336,1.353,1.333,1.352,14303900.84,19231186.46
2026-02-24 16:00:00,1.352,1.364,1.345,1.358,16671496.69,22608324.99
2026-02-24 17:00:00,1.358,1.364,1.356,1.359,11529169.85,15673834.6
2026-02-24 18:00:00,1.359,1.368,1.353,1.36,9475408.78,12891406.24
2026-02-24 19:00:00,1.36,1.364,1.35,1.356,8458270.11,11461694.99
2026-02-24 20:00:00,1.356,1.364,1.355,1.358,8764054.56,11910467.96
2026-02-24 21:00:00,1.358,1.359,1.35,1.352,6446750.76,8725962.97
2026-02-24 22:00:00,1.352,1.358,1.35,1.353,6890414.88,9330572.48
2026-02-24 23:00:00,1.353,1.355,1.341,1.348,7010150.74,9443981.27
2026-02-25 00:00:00,1.348,1.352,1.341,1.347,6548575.76,8813163.57
2026-02-25 01:00:00,1.347,1.4,1.346,1.387,33090759.44,45710425.74
2026-02-25 02:00:00,1.387,1.395,1.378,1.379,14488195.83,20114785.64
2026-02-25 03:00:00,1.379,1.381,1.367,1.37,9554645.92,13108876.8
2026-02-25 04:00:00,1.37,1.375,1.36,1.369,11003174.24,15056901.68
2026-02-25 05:00:00,1.369,1.37,1.353,1.358,8615060.6,11721465.51
2026-02-25 06:00:00,1.358,1.367,1.357,1.36,4850596.58,6604469.23
2026-02-25 07:00:00,1.36,1.368,1.359,1.366,2727693.06,3720404.87
2026-02-25 08:00:00,1.366,1.376,1.363,1.372,5336600.13,7310162.11
2026-02-25 09:00:00,1.372,1.382,1.372,1.38,4515767.67,6221255.96
2026-02-25 10:00:00,1.38,1.384,1.374,1.375,3655950.91,5041287.07
2026-02-25 11:00:00,1.375,1.385,1.373,1.384,3452082.76,4760544.1
2026-02-25 12:00:00,1.384,1.403,1.381,1.4,9593071.42,13369029.25
2026-02-25 13:00:00,1.4,1.424,1.399,1.413,18665701.95,26308550.47
2026-02-25 14:00:00,1.413,1.437,1.413,1.436,21686328.38,30878583.29
2026-02-25 15:00:00,1.436,1.446,1.426,1.441,26615811.14,38217429.98
2026-02-25 16:00:00,1.441,1.45,1.438,1.449,16616578.95,23999632.7
2026-02-25 17:00:00,1.449,1.475,1.446,1.467,24233495.37,35476246.37
2026-02-25 18:00:00,1.467,1.477,1.456,1.473,18751712.2,27531335.38
2026-02-25 19:00:00,1.473,1.473,1.454,1.467,14859096.85,21733801.08
2026-02-25 20:00:00,1.467,1.471,1.457,1.464,17036678.02,24967876.03
2026-02-25 21:00:00,1.464,1.493,1.463,1.476,25181558.09,37157224.07
2026-02-25 22:00:00,1.476,1.488,1.443,1.456,19363466.95,28398775.67
2026-02-25 23:00:00,1.456,1.457,1.419,1.434,15222041.14,21875327.1
2026-02-26 00:00:00,1.434,1.448,1.427,1.44,10917879.07,15694644.35
2026-02-26 01:00:00,1.44,1.444,1.423,1.424,6611023.88,9466802.57
2026-02-26 02:00:00,1.424,1.44,1.419,1.438,8092891.45,11561119.89
2026-02-26 03:00:00,1.438,1.446,1.434,1.442,13009229.19,18751096.99
2026-02-26 04:00:00,1.442,1.469,1.44,1.459,11460265.71,16700180.7
2026-02-26 05:00:00,1.459,1.46,1.44,1.448,13775571.91,19926915.71
2026-02-26 06:00:00,1.448,1.456,1.444,1.445,5728604.29,8301823.28
2026-02-26 07:00:00,1.445,1.445,1.431,1.434,5047684.8,7260841.07
2026-02-26 08:00:00,1.434,1.445,1.434,1.436,5719009.27,8232261.91
2026-02-26 09:00:00,1.436,1.453,1.435,1.452,5522931.75,7982862.0
2026-02-26 10:00:00,1.452,1.457,1.441,1.443,4237831.36,6148189.05
2026-02-26 11:00:00,1.443,1.445,1.435,1.437,4153642.78,5980860.22
2026-02-26 12:00:00,1.437,1.444,1.436,1.442,4347628.33,6258753.92
2026-02-26 13:00:00,1.442,1.446,1.437,1.44,5525973.11,7965237.86
2026-02-26 14:00:00,1.44,1.445,1.422,1.436,16711616.92,23975055.31
2026-02-26 15:00:00,1.436,1.436,1.408,1.421,24598853.05,34944246.4
2026-02-26 16:00:00,1.421,1.423,1.386,1.389,21109300.11,29615856.96
2026-02-26 17:00:00,1.389,1.398,1.384,1.388,13320435.32,18544441.77
2026-02-26 18:00:00,1.388,1.399,1.383,1.394,12487208.24,17362565.06
2026-02-26 19:00:00,1.394,1.41,1.393,1.407,13535045.86,18996736.21
2026-02-26 20:00:00,1.407,1.413,1.393,1.394,9650371.76,13529608.38
2026-02-26 21:00:00,1.394,1.397,1.388,1.395,7021176.06,9781620.06
2026-02-26 22:00:00,1.395,1.405,1.394,1.403,4228970.27,5917162.78
2026-02-26 23:00:00,1.403,1.404,1.397,1.403,3209256.06,4493739.87
2026-02-27 00:00:00,1.403,1.405,1.394,1.402,6484038.73,9081639.54
2026-02-27 01:00:00,1.402,1.407,1.397,1.406,4899194.86,6870033.71
2026-02-27 02:00:00,1.406,1.414,1.405,1.407,6611955.09,9321841.47
2026-02-27 03:00:00,1.407,1.409,1.4,1.408,9475987.11,13293703.92
2026-02-27 04:00:00,1.408,1.422,1.406,1.408,8628188.97,12208055.91
2026-02-27 05:00:00,1.408,1.415,1.407,1.41,4555311.91,6426925.69
2026-02-27 06:00:00,1.41,1.415,1.404,1.413,5671144.9,7985959.19
2026-02-27 07:00:00,1.413,1.417,1.406,1.417,2314991.31,3266364.97
2026-02-27 08:00:00,1.417,1.424,1.415,1.422,4464922.75,6341126.73
2026-02-27 09:00:00,1.422,1.426,1.405,1.407,5348821.91,7580390.44
2026-02-27 10:00:00,1.407,1.407,1.387,1.389,11454248.95,15995739.49
2026-02-27 11:00:00,1.389,1.397,1.381,1.383,9963920.48,13823652.35
2026-02-27 12:00:00,1.383,1.385,1.374,1.378,9090634.65,12540794.64
2026-02-27 13:00:00,1.378,1.382,1.363,1.371,11914620.45,16345687.43
2026-02-27 14:00:00,1.371,1.374,1.358,1.359,12423048.19,16973601.06
2026-02-27 15:00:00,1.359,1.367,1.353,1.358,65462702.44,89022461.82
2026-02-27 16:00:00,1.358,1.359,1.349,1.351,10195797.83,13802374.1
2026-02-27 17:00:00,1.351,1.361,1.338,1.358,18839861.69,25390507.09
2026-02-27 18:00:00,1.358,1.365,1.353,1.357,8261462.79,11224565.75
2026-02-27 19:00:00,1.357,1.357,1.346,1.351,7727474.04,10437716.65
2026-02-27 20:00:00,1.351,1.356,1.35,1.353,6607483.4,8943041.9
2026-02-27 21:00:00,1.353,1.356,1.348,1.351,5560641.85,7520966.56
2026-02-27 22:00:00,1.351,1.355,1.339,1.354,6276559.39,8463541.31
2026-02-27 23:00:00,1.354,1.357,1.351,1.356,5314195.94,7199821.76
2026-02-28 00:00:00,1.356,1.363,1.355,1.363,3630825.47,4937228.03
2026-02-28 01:00:00,1.363,1.365,1.357,1.359,2789852.18,3795455.43
2026-02-28 02:00:00,1.359,1.363,1.357,1.362,1481190.15,2015494.75
2026-02-28 03:00:00,1.362,1.362,1.353,1.355,3641129.28,4944815.16
2026-02-28 04:00:00,1.355,1.358,1.35,1.354,2141625.53,2900886.14
2026-02-28 05:00:00,1.354,1.356,1.347,1.35,2291958.96,3095248.38
2026-02-28 06:00:00,1.35,1.351,1.293,1.297,30537034.47,40243650.61
2026-02-28 07:00:00,1.297,1.323,1.29,1.303,23333385.04,30511069.75
2026-02-28 08:00:00,1.303,1.303,1.283,1.286,16636294.72,21516439.37
2026-02-28 09:00:00,1.286,1.289,1.272,1.278,15499857.99,19838860.16
2026-02-28 10:00:00,1.278,1.295,1.27,1.29,11923406.46,15300145.04
2026-02-28 11:00:00,1.29,1.311,1.287,1.293,11729093.29,15235593.54
2026-02-28 12:00:00,1.293,1.3,1.292,1.296,6317456.31,8184606.21
2026-02-28 13:00:00,1.296,1.345,1.295,1.342,21109967.94,27818905.98
2026-02-28 14:00:00,1.342,1.35,1.314,1.319,23087048.95,30739819.48
2026-02-28 15:00:00,1.319,1.332,1.311,1.324,13479238.2,17832648.16
2026-02-28 16:00:00,1.324,1.329,1.317,1.326,8980895.97,11900188.06
2026-02-28 17:00:00,1.326,1.33,1.315,1.328,9531865.29,12597843.89
2026-02-28 18:00:00,1.328,1.349,1.323,1.343,11886968.05,15883884.0
2026-02-28 19:00:00,1.343,1.359,1.335,1.355,16570285.76,22357128.27
2026-02-28 20:00:00,1.355,1.385,1.351,1.381,21387286.54,29300164.64
2026-02-28 21:00:00,1.381,1.383,1.366,1.378,11426246.85,15703782.37
2026-02-28 22:00:00,1.378,1.393,1.375,1.381,10029255.9,13871451.79
2026-02-28 23:00:00,1.381,1.386,1.374,1.376,5462725.91,7533345.7
2026-03-01 00:00:00,1.376,1.382,1.372,1.379,3880395.25,5342804.78
2026-03-01 01:00:00,1.379,1.414,1.366,1.403,19150373.44,26629599.11
2026-03-01 02:00:00,1.403,1.433,1.403,1.425,30516687.76,43413067.8
2026-03-01 03:00:00,1.425,1.433,1.414,1.419,15461563.52,22019308.24
2026-03-01 04:00:00,1.419,1.422,1.405,1.414,10768276.83,15204981.74
2026-03-01 05:00:00,1.414,1.419,1.409,1.409,5166825.34,7302940.9
2026-03-01 06:00:00,1.409,1.41,1.389,1.395,10193407.18,14248009.59
2026-03-01 07:00:00,1.395,1.402,1.393,1.398,3951943.77,5525021.99
2026-03-01 08:00:00,1.398,1.4,1.376,1.381,6043087.52,8387539.81
2026-03-01 09:00:00,1.381,1.387,1.37,1.373,5494998.61,7577315.33
2026-03-01 10:00:00,1.373,1.382,1.368,1.377,5766977.95,7922185.25
2026-03-01 11:00:00,1.377,1.382,1.375,1.376,3412071.7,4702792.99
2026-03-01 12:00:00,1.376,1.379,1.367,1.368,3893359.29,5346904.49
2026-03-01 13:00:00,1.368,1.396,1.362,1.389,11299996.04,15573760.25
2026-03-01 14:00:00,1.389,1.403,1.374,1.381,10649625.0,14790160.49
2026-03-01 15:00:00,1.381,1.391,1.377,1.379,7507862.93,10397249.43
2026-03-01 16:00:00,1.379,1.386,1.36,1.37,12104784.74,16651667.87
2026-03-01 17:00:00,1.37,1.372,1.357,1.366,9298997.1,12709962.17
2026-03-01 18:00:00,1.366,1.379,1.364,1.368,7114667.23,9757164.19
2026-03-01 19:00:00,1.368,1.368,1.354,1.357,7277644.84,9894864.52
2026-03-01 20:00:00,1.357,1.357,1.337,1.342,14848833.85,19953205.11
2026-03-01 21:00:00,1.342,1.357,1.341,1.354,7135409.23,9639654.45
2026-03-01 22:00:00,1.354,1.371,1.341,1.342,15153403.21,20514192.73
2026-03-01 23:00:00,1.342,1.359,1.339,1.352,8513803.68,11495750.99
2026-03-02 00:00:00,1.352,1.373,1.351,1.365,8404148.1,11438002.65
2026-03-02 01:00:00,1.365,1.381,1.364,1.368,9373842.58,12844745.88
2026-03-02 02:00:00,1.368,1.373,1.354,1.364,8246307.55,11229936.46
2026-03-02 03:00:00,1.364,1.378,1.361,1.374,7464817.31,10239257.55
2026-03-02 04:00:00,1.374,1.375,1.365,1.367,4949971.01,6783553.57
2026-03-02 05:00:00,1.367,1.37,1.358,1.362,4535219.44,6184247.48
2026-03-02 06:00:00,1.362,1.364,1.347,1.35,5415222.09,7334303.31
2026-03-02 07:00:00,1.35,1.351,1.338,1.347,4927651.78,6626441.82
2026-03-02 08:00:00,1.347,1.355,1.338,1.354,6271064.53,8439955.37
2026-03-02 09:00:00,1.354,1.363,1.353,1.353,5496553.5,7455562.0
2026-03-02 10:00:00,1.353,1.355,1.348,1.354,3560086.67,4812432.53
2026-03-02 11:00:00,1.354,1.358,1.346,1.351,4246432.24,5738287.93
2026-03-02 12:00:00,1.351,1.354,1.347,1.348,3823251.38,5157533.53
2026-03-02 13:00:00,1.348,1.35,1.338,1.339,6627961.33,8902338.45
2026-03-02 14:00:00,1.339,1.379,1.334,1.373,20784929.07,28219591.59
2026-03-02 15:00:00,1.373,1.415,1.369,1.4,33841926.7,47354913.14
2026-03-02 16:00:00,1.4,1.423,1.398,1.408,24395190.72,34445077.86
2026-03-02 17:00:00,1.408,1.411,1.384,1.396,12992371.25,18170384.03
2026-03-02 18:00:00,1.396,1.407,1.386,1.401,8025975.36,11228144.24
2026-03-02 19:00:00,1.401,1.405,1.39,1.401,11388958.1,15930192.61
2026-03-02 20:00:00,1.401,1.405,1.388,1.395,12727489.39,17780760.91
2026-03-02 21:00:00,1.395,1.398,1.386,1.398,7505884.88,10453513.28
2026-03-02 22:00:00,1.398,1.407,1.396,1.4,6949699.22,9738382.32
2026-03-02 23:00:00,1.4,1.401,1.388,1.39,5210988.25,7262071.82
2026-03-03 00:00:00,1.39,1.395,1.382,1.391,5291097.04,7350543.54
2026-03-03 01:00:00,1.391,1.395,1.382,1.384,5051066.15,7013301.9
2026-03-03 02:00:00,1.384,1.384,1.376,1.378,8274872.14,11416108.1
2026-03-03 03:00:00,1.378,1.379,1.368,1.373,7926082.71,10879418.32
2026-03-03 04:00:00,1.373,1.374,1.365,1.366,2514369.43,3442542.96
2026-03-03 05:00:00,1.366,1.378,1.362,1.365,5284635.78,7237752.98
2026-03-03 06:00:00,1.365,1.367,1.358,1.361,3973592.23,5414133.44
2026-03-03 07:00:00,1.361,1.367,1.358,1.364,7170570.42,9767365.96
2026-03-03 08:00:00,1.364,1.369,1.347,1.349,7207559.7,9771395.58
2026-03-03 09:00:00,1.349,1.356,1.342,1.348,5231166.63,7059927.62
2026-03-03 10:00:00,1.348,1.352,1.342,1.35,4263691.29,5740353.07
2026-03-03 11:00:00,1.35,1.354,1.347,1.353,5267189.76,7112956.18
2026-03-03 12:00:00,1.353,1.371,1.352,1.358,8102920.24,11016626.44
2026-03-03 13:00:00,1.358,1.359,1.344,1.348,6501521.52,8775113.45
2026-03-03 14:00:00,1.348,1.363,1.337,1.347,17324483.3,23383890.17
2026-03-03 15:00:00,1.347,1.365,1.339,1.365,15874742.99,21461534.8
2026-03-03 16:00:00,1.365,1.387,1.355,1.369,21817534.8,29942912.51
2026-03-03 17:00:00,1.369,1.371,1.353,1.369,10650511.18,14501046.41
2026-03-03 18:00:00,1.369,1.376,1.36,1.367,8088134.03,11078438.68
2026-03-03 19:00:00,1.367,1.368,1.357,1.363,7658375.37,10439371.2
2026-03-03 20:00:00,1.363,1.364,1.353,1.354,8803055.1,11956702.46
2026-03-03 21:00:00,1.354,1.358,1.348,1.356,5856177.75,7917839.71
2026-03-03 22:00:00,1.356,1.365,1.356,1.363,4707925.27,6410864.98
2026-03-03 23:00:00,1.363,1.369,1.36,1.361,5210155.71,7101607.34
2026-03-04 00:00:00,1.361,1.364,1.353,1.36,4013651.72,5455456.49
2026-03-04 01:00:00,1.36,1.37,1.356,1.364,5722535.26,7804563.17
2026-03-04 02:00:00,1.364,1.368,1.355,1.361,4514155.02,6141232.13
2026-03-04 03:00:00,1.361,1.362,1.345,1.353,5491001.15,7426032.0
2026-03-04 04:00:00,1.353,1.356,1.345,1.351,4368727.68,5896544.11
2026-03-04 05:00:00,1.351,1.362,1.349,1.357,3448249.28,4674599.82
2026-03-04 06:00:00,1.357,1.361,1.35,1.36,3409475.75,4627174.17
2026-03-04 07:00:00,1.36,1.377,1.358,1.375,4702212.44,6433414.1
2026-03-04 08:00:00,1.375,1.406,1.37,1.404,10480916.46,14521688.95
2026-03-04 09:00:00,1.404,1.426,1.398,1.416,16587976.66,23453616.12
2026-03-04 10:00:00,1.416,1.422,1.402,1.405,8932681.14,12593360.77
2026-03-04 11:00:00,1.405,1.413,1.395,1.399,7603975.46,10675680.41
2026-03-04 12:00:00,1.399,1.401,1.383,1.394,10054673.77,13993708.97
2026-03-04 13:00:00,1.394,1.406,1.394,1.406,9384969.37,13136929.97
2026-03-04 14:00:00,1.406,1.426,1.404,1.413,20228365.04,28587019.76
2026-03-04 15:00:00,1.413,1.465,1.413,1.464,39429291.23,56674551.89
2026-03-04 16:00:00,1.464,1.473,1.441,1.451,26220260.14,38135111.75
2026-03-04 17:00:00,1.451,1.456,1.436,1.443,17939268.33,25928153.39
2026-03-04 18:00:00,1.443,1.457,1.437,1.455,12501213.0,18086778.86
2026-03-04 19:00:00,1.455,1.474,1.437,1.457,24700942.2,36110123.2
2026-03-04 20:00:00,1.457,1.466,1.45,1.46,15696330.48,22894591.25
2026-03-04 21:00:00,1.46,1.46,1.445,1.448,9623844.96,13964850.41
2026-03-04 22:00:00,1.448,1.454,1.428,1.43,8301788.79,11959061.7
2026-03-04 23:00:00,1.43,1.434,1.417,1.431,10813662.89,15430559.66
2026-03-05 00:00:00,1.431,1.435,1.424,1.427,4755156.56,6798889.37
2026-03-05 01:00:00,1.427,1.436,1.416,1.419,5449308.29,7766653.14
2026-03-05 02:00:00,1.419,1.429,1.417,1.42,5353378.32,7614938.11
2026-03-05 03:00:00,1.42,1.425,1.417,1.42,5241316.62,7442717.02
2026-03-05 04:00:00,1.42,1.432,1.419,1.429,4822123.46,6877200.6
2026-03-05 05:00:00,1.429,1.431,1.413,1.415,4536175.82,6444217.41
2026-03-05 06:00:00,1.415,1.425,1.409,1.424,4642966.19,6578119.4
2026-03-05 07:00:00,1.424,1.43,1.409,1.413,2869500.46,4074043.24
2026-03-05 08:00:00,1.413,1.419,1.41,1.419,2060578.02,2914303.58
2026-03-05 09:00:00,1.419,1.432,1.418,1.429,5657177.19,8072504.32
2026-03-05 10:00:00,1.429,1.453,1.425,1.448,7350909.97,10588755.2
2026-03-05 11:00:00,1.448,1.45,1.435,1.436,5844217.63,8426908.49
2026-03-05 12:00:00,1.436,1.443,1.433,1.441,5096102.92,7333809.83
2026-03-05 13:00:00,1.441,1.442,1.421,1.428,8756488.63,12513655.86
2026-03-05 14:00:00,1.428,1.441,1.42,1.438,12720390.75,18174933.2
2026-03-05 15:00:00,1.438,1.441,1.41,1.417,16048760.63,22770412.58
2026-03-05 16:00:00,1.417,1.417,1.396,1.412,15943507.05,22424976.83
2026-03-05 17:00:00,1.412,1.419,1.399,1.4,10618164.91,14927783.5
2026-03-05 18:00:00,1.4,1.411,1.397,1.41,7579372.42,10633446.78
2026-03-05 19:00:00,1.41,1.423,1.41,1.411,13281692.75,18808822.13
2026-03-05 20:00:00,1.411,1.421,1.41,1.415,11265890.21,15948097.34
2026-03-05 21:00:00,1.415,1.419,1.404,1.407,5149976.42,7270018.65
2026-03-05 22:00:00,1.407,1.409,1.402,1.406,3778748.92,5313270.97
2026-03-05 23:00:00,1.406,1.409,1.402,1.404,3466951.11,4871664.42
2026-03-06 00:00:00,1.404,1.408,1.403,1.405,4400775.08,6188325.87
2026-03-06 01:00:00,1.405,1.415,1.398,1.412,4780240.03,6726474.62
2026-03-06 02:00:00,1.412,1.415,1.409,1.41,3097256.4,4371073.14
2026-03-06 03:00:00,1.41,1.412,1.404,1.406,4086975.0,5746600.06
2026-03-06 04:00:00,1.406,1.406,1.392,1.399,4325699.57,6050026.48
2026-03-06 05:00:00,1.399,1.403,1.393,1.398,3449171.42,4820045.14
2026-03-06 06:00:00,1.398,1.405,1.397,1.401,2253230.56,3153412.62
2026-03-06 07:00:00,1.401,1.409,1.397,1.408,2077164.08,2917856.19
2026-03-06 08:00:00,1.408,1.408,1.401,1.405,2688761.34,3777080.62
2026-03-06 09:00:00,1.405,1.407,1.393,1.398,3639102.67,5086691.3
2026-03-06 10:00:00,1.398,1.408,1.397,1.403,4187433.51,5880821.16
2026-03-06 11:00:00,1.403,1.405,1.394,1.395,3365994.69,4708541.31
2026-03-06 12:00:00,1.395,1.396,1.385,1.389,7296291.25,10139716.23
2026-03-06 13:00:00,1.389,1.397,1.372,1.372,14128595.49,19572461.46
2026-03-06 14:00:00,1.372,1.375,1.351,1.355,19645521.45,26759488.11
2026-03-06 15:00:00,1.355,1.367,1.353,1.356,12034923.1,16368851.44
2026-03-06 16:00:00,1.356,1.363,1.354,1.357,7405521.37,10062193.93
2026-03-06 17:00:00,1.357,1.359,1.346,1.35,11607311.31,15697827.91
2026-03-06 18:00:00,1.35,1.363,1.349,1.359,9726244.49,13200870.5
2026-03-06 19:00:00,1.359,1.366,1.359,1.363,6749505.16,9196812.56
2026-03-06 20:00:00,1.363,1.364,1.354,1.357,7575319.8,10289350.78
2026-03-06 21:00:00,1.357,1.365,1.356,1.364,6729933.67,9157704.98
2026-03-06 22:00:00,1.364,1.371,1.363,1.369,3120188.17,4266834.19
2026-03-06 23:00:00,1.369,1.369,1.363,1.363,4292835.13,5858061.42
2026-03-07 00:00:00,1.363,1.371,1.363,1.368,2192929.47,2998373.43
2026-03-07 01:00:00,1.368,1.37,1.365,1.368,1940971.46,2653055.28
2026-03-07 02:00:00,1.368,1.369,1.363,1.368,2562413.39,3499668.07
2026-03-07 03:00:00,1.368,1.375,1.365,1.366,4371395.77,5991702.43
2026-03-07 04:00:00,1.366,1.366,1.361,1.363,2605564.75,3552816.44
2026-03-07 05:00:00,1.363,1.368,1.362,1.367,2361557.33,3223331.47
2026-03-07 06:00:00,1.367,1.369,1.362,1.364,1967055.91,2685584.54
2026-03-07 07:00:00,1.364,1.368,1.361,1.367,1719549.88,2345932.14
2026-03-07 08:00:00,1.367,1.369,1.365,1.365,1440367.18,1969489.35
2026-03-07 09:00:00,1.365,1.368,1.363,1.366,1516723.14,2071769.66
2026-03-07 10:00:00,1.366,1.368,1.365,1.366,817439.61,1117292.45
2026-03-07 11:00:00,1.366,1.373,1.366,1.37,1741427.73,2386575.13
2026-03-07 12:00:00,1.37,1.37,1.363,1.364,2432098.23,3319911.88
2026-03-07 13:00:00,1.364,1.368,1.362,1.363,2226159.49,3037814.09
2026-03-07 14:00:00,1.363,1.367,1.357,1.364,3282644.41,4467740.57
2026-03-07 15:00:00,1.364,1.364,1.355,1.357,2498909.87,3395645.22
2026-03-07 16:00:00,1.357,1.361,1.356,1.361,1532540.71,2081529.55
2026-03-07 17:00:00,1.361,1.365,1.36,1.361,2270762.35,3095261.71
2026-03-07 18:00:00,1.361,1.361,1.352,1.357,4375913.53,5934379.06
2026-03-07 19:00:00,1.357,1.357,1.347,1.351,4607092.91,6228088.73
2026-03-07 20:00:00,1.351,1.357,1.35,1.355,2287961.22,3098027.18
2026-03-07 21:00:00,1.355,1.359,1.355,1.357,1608981.47,2183736.94
2026-03-07 22:00:00,1.357,1.357,1.351,1.354,1965599.84,2661040.37
2026-03-07 23:00:00,1.354,1.357,1.353,1.357,1582685.94,2145963.55
2026-03-08 00:00:00,1.357,1.36,1.354,1.355,1808424.82,2454442.74
2026-03-08 01:00:00,1.355,1.358,1.351,1.357,2024826.91,2741836.09
2026-03-08 02:00:00,1.357,1.357,1.345,1.348,3875592.27,5235442.33
2026-03-08 03:00:00,1.348,1.353,1.344,1.349,4972406.38,6709841.63
2026-03-08 04:00:00,1.349,1.35,1.342,1.344,2790935.77,3756165.83
2026-03-08 05:00:00,1.344,1.356,1.344,1.354,2199210.41,2974651.78
2026-03-08 06:00:00,1.354,1.355,1.35,1.352,1385295.66,1872775.5
2026-03-08 07:00:00,1.352,1.363,1.352,1.36,2591777.3,3525351.9
2026-03-08 08:00:00,1.36,1.362,1.355,1.359,1429820.37,1942939.68
2026-03-08 09:00:00,1.359,1.366,1.356,1.361,1640445.17,2235087.61
2026-03-08 10:00:00,1.361,1.371,1.361,1.368,2644505.34,3618307.37
2026-03-08 11:00:00,1.368,1.368,1.356,1.358,2204320.91,3000586.77
2026-03-08 12:00:00,1.358,1.359,1.345,1.352,3862991.02,5221583.75
2026-03-08 13:00:00,1.352,1.354,1.342,1.35,4296043.12,5788152.21
2026-03-08 14:00:00,1.35,1.353,1.346,1.35,2351142.48,3172539.87
2026-03-08 15:00:00,1.35,1.35,1.343,1.346,2910669.1,3918380.29
2026-03-08 16:00:00,1.346,1.346,1.338,1.34,3848515.3,5161435.99
2026-03-08 17:00:00,1.34,1.346,1.339,1.344,2045440.75,2748058.88
2026-03-08 18:00:00,1.344,1.348,1.34,1.346,2140567.12,2877867.49
2026-03-08 19:00:00,1.346,1.36,1.343,1.356,4615083.97,6248307.29
2026-03-08 20:00:00,1.356,1.362,1.352,1.353,3027917.05,4105498.0
2026-03-08 21:00:00,1.353,1.355,1.345,1.348,3150549.42,4245690.28
2026-03-08 22:00:00,1.348,1.349,1.322,1.346,16294534.45,21763882.02
2026-03-08 23:00:00,1.346,1.35,1.339,1.34,5337770.72,7179301.51
2026-03-09 00:00:00,1.34,1.36,1.339,1.349,6503006.58,8775940.89
2026-03-09 01:00:00,1.349,1.354,1.342,1.342,5705199.0,7691884.93
2026-03-09 02:00:00,1.342,1.35,1.338,1.346,5622910.85,7560862.83
2026-03-09 03:00:00,1.346,1.365,1.345,1.351,9619536.07,13051111.37
2026-03-09 04:00:00,1.351,1.356,1.344,1.344,3321192.26,4487076.78
2026-03-09 05:00:00,1.344,1.358,1.342,1.355,5605093.71,7568228.66
2026-03-09 06:00:00,1.355,1.358,1.344,1.345,2726429.08,3682828.68
2026-03-09 07:00:00,1.345,1.345,1.333,1.341,5644973.89,7557883.8
2026-03-09 08:00:00,1.341,1.348,1.339,1.346,2954528.39,3972196.98
2026-03-09 09:00:00,1.346,1.363,1.341,1.355,5485149.29,7424580.74
2026-03-09 10:00:00,1.355,1.356,1.345,1.347,2597715.98,3511543.47
2026-03-09 11:00:00,1.347,1.351,1.341,1.35,2984163.78,4019862.62
2026-03-09 12:00:00,1.35,1.358,1.35,1.355,4082725.2,5529350.65
2026-03-09 13:00:00,1.355,1.373,1.354,1.368,9913777.08,13528206.68
2026-03-09 14:00:00,1.368,1.373,1.359,1.365,11707283.77,16001680.98
2026-03-09 15:00:00,1.365,1.368,1.357,1.36,7060152.89,9622599.96
2026-03-09 16:00:00,1.36,1.37,1.359,1.365,4529314.39,6178500.57
2026-03-09 17:00:00,1.365,1.371,1.359,1.362,5072117.81,6919725.71
2026-03-09 18:00:00,1.362,1.368,1.356,1.361,4330521.35,5898033.14
2026-03-09 19:00:00,1.361,1.384,1.356,1.373,15027923.65,20614913.82
2026-03-09 20:00:00,1.373,1.379,1.367,1.373,7242265.64,9945502.08
2026-03-09 21:00:00,1.373,1.377,1.37,1.374,3101550.94,4263332.03
2026-03-09 22:00:00,1.374,1.375,1.363,1.365,5950266.74,8138178.02
2026-03-09 23:00:00,1.365,1.368,1.361,1.363,2807217.32,3830027.71
2026-03-10 00:00:00,1.363,1.374,1.361,1.37,3633382.09,4972657.2
2026-03-10 01:00:00,1.37,1.375,1.366,1.372,3225155.55,4417971.13
2026-03-10 02:00:00,1.372,1.392,1.37,1.388,6959759.24,9625629.76
2026-03-10 03:00:00,1.388,1.391,1.375,1.375,4273571.42,5916895.86
2026-03-10 04:00:00,1.375,1.384,1.373,1.382,2777186.78,3825133.08
2026-03-10 05:00:00,1.382,1.39,1.381,1.384,2422360.63,3357099.94
2026-03-10 06:00:00,1.384,1.385,1.378,1.381,2005160.66,2770385.92
2026-03-10 07:00:00,1.381,1.389,1.377,1.388,4326800.85,5988746.21
2026-03-10 08:00:00,1.388,1.412,1.388,1.402,10325261.99,14441640.09
2026-03-10 09:00:00,1.402,1.419,1.402,1.417,6582690.68,9304538.42
2026-03-10 10:00:00,1.417,1.417,1.405,1.406,5814511.99,8203976.24
2026-03-10 11:00:00,1.406,1.406,1.389,1.391,8577726.75,11982551.94
2026-03-10 12:00:00,1.391,1.392,1.383,1.389,5619556.87,7796842.97
2026-03-10 13:00:00,1.389,1.402,1.382,1.393,9248996.21,12882528.8
2026-03-10 14:00:00,1.393,1.438,1.382,1.434,20928976.98,29563578.89
2026-03-10 15:00:00,1.434,1.443,1.42,1.431,21713570.09,31037722.16
2026-03-10 16:00:00,1.431,1.437,1.423,1.427,12167740.01,17400492.07
2026-03-10 17:00:00,1.427,1.431,1.409,1.413,10888802.64,15432024.0
2026-03-10 18:00:00,1.413,1.413,1.391,1.394,17368381.08,24283706.65
2026-03-10 19:00:00,1.394,1.395,1.38,1.385,9751214.63,13528604.08
2026-03-10 20:00:00,1.385,1.395,1.384,1.39,6771706.13,9418427.52
2026-03-10 21:00:00,1.39,1.395,1.378,1.384,5673051.58,7861952.49
2026-03-10 22:00:00,1.384,1.389,1.38,1.384,3105391.29,4296272.95
2026-03-10 23:00:00,1.384,1.388,1.384,1.387,2679512.09,3714291.88
2026-03-11 00:00:00,1.387,1.393,1.383,1.389,3822317.68,5299575.51
2026-03-11 01:00:00,1.389,1.391,1.385,1.39,2840194.56,3941965.17
2026-03-11 02:00:00,1.39,1.391,1.379,1.383,4798691.69,6638311.1
2026-03-11 03:00:00,1.383,1.386,1.378,1.379,2758548.2,3807156.34
2026-03-11 04:00:00,1.379,1.39,1.377,1.388,2755466.25,3811118.27
2026-03-11 05:00:00,1.388,1.391,1.375,1.377,4616746.3,6390009.52
2026-03-11 06:00:00,1.377,1.385,1.376,1.383,2583793.25,3564972.91
2026-03-11 07:00:00,1.383,1.383,1.374,1.379,3132974.51,4319820.58
2026-03-11 08:00:00,1.379,1.38,1.373,1.376,2133569.53,2936023.69
2026-03-11 09:00:00,1.376,1.381,1.373,1.374,2276969.45,3134414.66
2026-03-11 10:00:00,1.374,1.382,1.373,1.379,2632673.62,3624362.41
2026-03-11 11:00:00,1.379,1.381,1.373,1.374,3467279.33,4772380.97
2026-03-11 12:00:00,1.374,1.387,1.371,1.385,7328783.8,10122341.65
2026-03-11 13:00:00,1.385,1.411,1.383,1.393,14979433.2,20924689.9
2026-03-11 14:00:00,1.393,1.403,1.387,1.392,12057496.45,16820074.77
2026-03-11 15:00:00,1.392,1.394,1.373,1.383,11148565.82,15422985.12
2026-03-11 16:00:00,1.383,1.391,1.38,1.388,5982391.63,8286687.16
2026-03-11 17:00:00,1.388,1.402,1.387,1.398,10126651.13,14138163.3
2026-03-11 18:00:00,1.398,1.408,1.397,1.404,7377256.96,10337876.15
2026-03-11 19:00:00,1.404,1.405,1.388,1.39,7358020.79,10260819.09
2026-03-11 20:00:00,1.39,1.394,1.387,1.392,4566400.66,6349026.84
2026-03-11 21:00:00,1.392,1.394,1.389,1.393,2638748.93,3671440.39
2026-03-11 22:00:00,1.393,1.397,1.387,1.39,3628964.97,5049850.62
2026-03-11 23:00:00,1.39,1.392,1.382,1.385,3704303.94,5139218.47
2026-03-12 00:00:00,1.385,1.386,1.381,1.384,2807087.66,3884480.53
2026-03-12 01:00:00,1.384,1.385,1.377,1.379,4523556.76,6239515.3
2026-03-12 02:00:00,1.379,1.381,1.371,1.373,5169096.67,7110553.98
2026-03-12 03:00:00,1.373,1.376,1.37,1.374,2622670.06,3602886.08
2026-03-12 04:00:00,1.374,1.378,1.37,1.371,2784449.89,3825300.42
2026-03-12 05:00:00,1.371,1.373,1.366,1.371,3580186.01,4901959.02
2026-03-12 06:00:00,1.371,1.373,1.367,1.373,2567735.31,3520100.73
2026-03-12 07:00:00,1.373,1.378,1.37,1.377,2184918.43,3003629.73
2026-03-12 08:00:00,1.377,1.382,1.374,1.38,2526658.57,3483247.16
2026-03-12 09:00:00,1.38,1.389,1.376,1.382,3423485.57,4724083.47
2026-03-12 10:00:00,1.382,1.392,1.379,1.39,3248751.62,4503098.19
2026-03-12 11:00:00,1.39,1.393,1.387,1.388,4396782.15,6109609.6
2026-03-12 12:00:00,1.388,1.393,1.386,1.388,3563481.95,4951194.81
2026-03-12 13:00:00,1.388,1.392,1.378,1.382,8248610.87,11425654.32
2026-03-12 14:00:00,1.382,1.392,1.365,1.37,9856231.36,13567029.26
2026-03-12 15:00:00,1.37,1.384,1.367,1.379,7784547.53,10715043.96
2026-03-12 16:00:00,1.379,1.386,1.371,1.382,6210047.91,8568260.97
2026-03-12 17:00:00,1.382,1.384,1.378,1.38,3565119.43,4926405.15
2026-03-12 18:00:00,1.38,1.381,1.372,1.372,3860866.67,5312727.54
2026-03-12 19:00:00,1.372,1.382,1.37,1.379,5281268.34,7273800.77
2026-03-12 20:00:00,1.379,1.38,1.372,1.372,3297992.46,4533641.11
2026-03-12 21:00:00,1.372,1.376,1.372,1.374,2296589.87,3155472.09
2026-03-12 22:00:00,1.374,1.379,1.372,1.379,2889756.19,3972715.24
2026-03-12 23:00:00,1.379,1.39,1.379,1.385,7628307.69,10571284.61
2026-03-13 00:00:00,1.385,1.424,1.383,1.407,20253079.51,28516883.15
2026-03-13 01:00:00,1.407,1.417,1.404,1.414,9508514.62,13417491.27
2026-03-13 02:00:00,1.414,1.414,1.4,1.402,6129033.42,8614941.45
2026-03-13 03:00:00,1.402,1.414,1.4,1.412,5126328.04,7213448.8
2026-03-13 04:00:00,1.412,1.414,1.407,1.411,4003562.52,5645460.75
2026-03-13 05:00:00,1.411,1.427,1.408,1.423,9351113.64,13270696.92
2026-03-13 06:00:00,1.423,1.426,1.412,1.413,6768470.18,9595889.09
2026-03-13 07:00:00,1.413,1.421,1.412,1.415,4632006.61,6555922.38
2026-03-13 08:00:00,1.415,1.434,1.413,1.427,11475048.48,16367683.23
2026-03-13 09:00:00,1.427,1.437,1.427,1.429,5212204.81,7463848.93
2026-03-13 10:00:00,1.429,1.439,1.429,1.434,5606674.65,8033040.95
2026-03-13 11:00:00,1.434,1.435,1.42,1.421,4879516.78,6956827.87
2026-03-13 12:00:00,1.421,1.44,1.42,1.434,8120429.01,11612249.68
2026-03-13 13:00:00,1.434,1.449,1.431,1.444,26145020.08,37689133.48
2026-03-13 14:00:00,1.444,1.453,1.422,1.423,21982162.0,31622481.18
2026-03-13 15:00:00,1.423,1.429,1.407,1.409,15341998.91,21770574.12
2026-03-13 16:00:00,1.409,1.415,1.4,1.41,9037360.71,12728501.18
2026-03-13 17:00:00,1.41,1.413,1.392,1.394,8670499.88,12156258.86
2026-03-13 18:00:00,1.394,1.402,1.39,1.398,5872602.19,8197691.6
2026-03-13 19:00:00,1.398,1.403,1.396,1.402,4182770.77,5857007.41
2026-03-13 20:00:00,1.402,1.405,1.398,1.403,3496722.85,4903089.14
2026-03-13 21:00:00,1.403,1.406,1.398,1.401,3104291.28,4351428.79
2026-03-13 22:00:00,1.401,1.402,1.391,1.395,4193522.19,5847800.17
2026-03-13 23:00:00,1.395,1.4,1.394,1.399,2948292.61,4119551.7
2026-03-14 00:00:00,1.399,1.4,1.393,1.395,2745691.08,3833933.14
2026-03-14 01:00:00,1.395,1.401,1.393,1.4,2944595.95,4114920.21
2026-03-14 02:00:00,1.4,1.403,1.398,1.399,2252679.65,3155275.33
2026-03-14 03:00:00,1.399,1.404,1.398,1.401,2114529.49,2962841.34
2026-03-14 04:00:00,1.401,1.404,1.396,1.398,2129912.56,2983731.32
2026-03-14 05:00:00,1.398,1.4,1.394,1.396,1648944.22,2303941.07
2026-03-14 06:00:00,1.396,1.396,1.385,1.393,3630847.64,5047712.46
2026-03-14 07:00:00,1.393,1.398,1.392,1.394,1752644.32,2445036.11
2026-03-14 08:00:00,1.394,1.397,1.393,1.394,1440427.85,2009188.17
2026-03-14 09:00:00,1.394,1.397,1.389,1.39,1697794.82,2365556.71
2026-03-14 10:00:00,1.39,1.391,1.388,1.39,1610361.58,2237587.55
2026-03-14 11:00:00,1.39,1.393,1.389,1.393,984476.59,1370387.65
2026-03-14 12:00:00,1.393,1.394,1.388,1.39,1607530.28,2236195.18
2026-03-14 13:00:00,1.39,1.395,1.389,1.392,1738848.72,2421060.75
2026-03-14 14:00:00,1.392,1.394,1.388,1.389,2316859.45,3221479.08
2026-03-14 15:00:00,1.389,1.392,1.389,1.391,1510053.52,2099344.68
2026-03-14 16:00:00,1.391,1.394,1.387,1.393,1665949.82,2316005.52
2026-03-14 17:00:00,1.393,1.394,1.389,1.39,1513205.51,2105547.04
2026-03-14 18:00:00,1.39,1.392,1.389,1.392,1626783.73,2262727.63
2026-03-14 19:00:00,1.392,1.392,1.39,1.391,974954.64,1356016.7
2026-03-14 20:00:00,1.391,1.394,1.389,1.394,1513368.74,2106376.34
2026-03-14 21:00:00,1.394,1.397,1.392,1.396,2220139.73,3096270.32
2026-03-14 22:00:00,1.396,1.399,1.395,1.397,2519192.34,3519299.13
2026-03-14 23:00:00,1.397,1.409,1.397,1.407,4735359.62,6649338.83
2026-03-15 00:00:00,1.407,1.41,1.403,1.406,3294495.8,4635131.87
2026-03-15 01:00:00,1.406,1.408,1.403,1.406,1720884.37,2417653.01
2026-03-15 02:00:00,1.406,1.42,1.405,1.416,5401390.91,7641837.42
2026-03-15 03:00:00,1.416,1.421,1.412,1.412,3486553.91,4938140.15
2026-03-15 04:00:00,1.412,1.418,1.412,1.417,3369179.63,4766996.69
2026-03-15 05:00:00,1.417,1.421,1.414,1.414,2532457.54,3590930.83
2026-03-15 06:00:00,1.414,1.416,1.406,1.41,5542390.43,7816757.49
2026-03-15 07:00:00,1.41,1.412,1.407,1.408,2025406.36,2854119.97
2026-03-15 08:00:00,1.408,1.414,1.408,1.414,2474069.21,3490447.28
2026-03-15 09:00:00,1.414,1.419,1.413,1.415,2952849.21,4181522.23
2026-03-15 10:00:00,1.415,1.418,1.415,1.417,767576.19,1086921.28
2026-03-15 11:00:00,1.417,1.421,1.414,1.42,1262764.51,1789686.97
2026-03-15 12:00:00,1.42,1.425,1.415,1.424,2936699.57,4168759.78
2026-03-15 13:00:00,1.424,1.43,1.417,1.423,7605409.57,10813706.55
2026-03-15 14:00:00,1.423,1.425,1.413,1.418,3611168.52,5122605.9
2026-03-15 15:00:00,1.418,1.423,1.415,1.416,2816079.55,3995885.69
2026-03-15 16:00:00,1.416,1.418,1.41,1.413,2548018.5,3601976.26
2026-03-15 17:00:00,1.413,1.424,1.412,1.419,2570632.48,3642824.84
2026-03-15 18:00:00,1.419,1.421,1.409,1.411,3363836.25,4763036.51
2026-03-15 19:00:00,1.411,1.415,1.41,1.413,2225343.12,3142979.97
2026-03-15 20:00:00,1.413,1.423,1.411,1.418,3248286.71,4605416.99
2026-03-15 21:00:00,1.418,1.43,1.415,1.427,4565371.64,6497940.58
2026-03-15 22:00:00,1.427,1.465,1.423,1.455,19373898.93,28019331.01
2026-03-15 23:00:00,1.455,1.458,1.44,1.449,15052546.47,21804589.65
2026-03-16 00:00:00,1.449,1.458,1.444,1.447,6648773.68,9649709.69
2026-03-16 01:00:00,1.447,1.45,1.439,1.447,4980166.02,7194496.73
2026-03-16 02:00:00,1.447,1.45,1.436,1.443,4862517.53,7011071.34
2026-03-16 03:00:00,1.443,1.48,1.441,1.468,16809787.2,24654288.6
2026-03-16 04:00:00,1.468,1.486,1.468,1.48,15024965.2,22171606.73
2026-03-16 05:00:00,1.48,1.485,1.474,1.481,9234639.26,13666819.33
2026-03-16 06:00:00,1.481,1.481,1.474,1.477,5744555.78,8485546.7
2026-03-16 07:00:00,1.477,1.488,1.476,1.483,5824080.64,8638077.73
2026-03-16 08:00:00,1.483,1.489,1.465,1.468,6971435.42,10292796.09
2026-03-16 09:00:00,1.468,1.476,1.466,1.474,6876148.09,10105144.63
2026-03-16 10:00:00,1.474,1.476,1.467,1.475,3753835.69,5523659.24
2026-03-16 11:00:00,1.475,1.476,1.467,1.47,2654078.07,3906136.47
2026-03-16 12:00:00,1.47,1.481,1.47,1.477,6300854.37,9303654.04
2026-03-16 13:00:00,1.477,1.493,1.475,1.483,12532681.44,18600920.35
2026-03-16 14:00:00,1.483,1.51,1.472,1.509,20032727.81,29777496.54
2026-03-16 15:00:00,1.509,1.517,1.492,1.493,24698332.04,37196804.53
2026-03-16 16:00:00,1.493,1.511,1.492,1.509,11708371.03,17559410.0
2026-03-16 17:00:00,1.509,1.519,1.506,1.519,12798172.32,19346202.74
2026-03-16 18:00:00,1.519,1.544,1.517,1.536,24675652.23,37838761.72
2026-03-16 19:00:00,1.536,1.542,1.521,1.529,21510377.65,32941432.24
2026-03-16 20:00:00,1.529,1.531,1.524,1.529,7777406.27,11879162.89
2026-03-16 21:00:00,1.529,1.54,1.527,1.528,9308935.88,14259692.28
2026-03-16 22:00:00,1.528,1.552,1.528,1.552,15010725.52,23166851.37
2026-03-16 23:00:00,1.552,1.552,1.536,1.543,8942087.0,13808038.43
2026-03-17 00:00:00,1.543,1.555,1.534,1.545,12704988.85,19612970.25
2026-03-17 01:00:00,1.545,1.578,1.545,1.571,22666415.87,35499522.84
2026-03-17 02:00:00,1.571,1.607,1.561,1.594,26117586.08,41435580.58
2026-03-17 03:00:00,1.594,1.595,1.535,1.544,24693506.85,38461230.81
2026-03-17 04:00:00,1.544,1.553,1.524,1.53,18697769.88,28785968.46
2026-03-17 05:00:00,1.53,1.532,1.511,1.515,8535843.13,12984825.62
2026-03-17 06:00:00,1.515,1.523,1.505,1.517,5247697.68,7952708.46
2026-03-17 07:00:00,1.517,1.543,1.517,1.53,5836393.09,8947916.66
2026-03-17 08:00:00,1.53,1.533,1.52,1.521,3837900.08,5862359.88
2026-03-17 09:00:00,1.521,1.524,1.51,1.512,7081767.85,10746986.06
2026-03-17 10:00:00,1.512,1.513,1.503,1.509,5115809.55,7716992.31
2026-03-17 11:00:00,1.509,1.519,1.508,1.51,5872937.81,8892061.13
2026-03-17 12:00:00,1.51,1.515,1.503,1.505,8657193.1,13057036.28
2026-03-17 13:00:00,1.505,1.518,1.497,1.504,18185492.55,27393548.91
2026-03-17 14:00:00,1.504,1.514,1.495,1.513,10232037.6,15406894.65
2026-03-17 15:00:00,1.513,1.523,1.504,1.514,9624037.98,14559169.41
2026-03-17 16:00:00,1.514,1.54,1.503,1.519,24727764.36,37595913.78
2026-03-17 17:00:00,1.519,1.532,1.518,1.531,6761715.31,10323512.86
2026-03-17 18:00:00,1.531,1.539,1.526,1.537,6266734.21,9601158.72
2026-03-17 19:00:00,1.537,1.541,1.53,1.534,5797663.94,8900076.95
2026-03-17 20:00:00,1.534,1.536,1.529,1.534,6048494.59,9271055.83
2026-03-17 21:00:00,1.534,1.536,1.527,1.531,6569137.41,10054422.59
2026-03-17 22:00:00,1.531,1.537,1.52,1.528,5070583.33,7751399.93
2026-03-17 23:00:00,1.528,1.531,1.518,1.519,4726102.41,7201160.04
2026-03-18 00:00:00,1.519,1.522,1.51,1.516,4539611.74,6880238.99
2026-03-18 01:00:00,1.516,1.524,1.515,1.516,6065854.97,9213442.12
2026-03-18 02:00:00,1.516,1.532,1.515,1.527,4293027.89,6554398.39
2026-03-18 03:00:00,1.527,1.54,1.526,1.54,6678060.88,10242193.05
2026-03-18 04:00:00,1.54,1.542,1.524,1.527,4485718.92,6874657.74
2026-03-18 05:00:00,1.527,1.538,1.522,1.524,2586819.22,3956540.59
2026-03-18 06:00:00,1.524,1.531,1.524,1.525,1950615.78,2979790.56
2026-03-18 07:00:00,1.525,1.525,1.516,1.521,2345718.65,3564852.68
2026-03-18 08:00:00,1.521,1.526,1.52,1.523,1710869.8,2605813.73
2026-03-18 09:00:00,1.523,1.528,1.522,1.524,1279808.73,1951348.76
2026-03-18 10:00:00,1.524,1.525,1.51,1.512,3025306.21,4584045.61
2026-03-18 11:00:00,1.512,1.512,1.484,1.49,14486464.51,21673874.85
2026-03-18 12:00:00,1.49,1.491,1.458,1.464,18656457.37,27473502.45
2026-03-18 13:00:00,1.464,1.474,1.456,1.467,10267894.71,15051547.94
2026-03-18 14:00:00,1.467,1.468,1.444,1.446,12966948.83,18868498.62
2026-03-18 15:00:00,1.446,1.453,1.439,1.441,8944060.4,12926023.12
2026-03-18 16:00:00,1.441,1.448,1.436,1.443,9273452.53,13366227.5
2026-03-18 17:00:00,1.443,1.46,1.44,1.457,8764351.94,12713569.97
2026-03-18 18:00:00,1.457,1.467,1.448,1.452,13559281.51,19801980.92
2026-03-18 19:00:00,1.452,1.461,1.449,1.449,8417846.71,12248261.7
2026-03-18 20:00:00,1.449,1.462,1.442,1.459,8081184.26,11729218.46
2026-03-18 21:00:00,1.459,1.473,1.459,1.467,12237068.29,17976889.8
2026-03-18 22:00:00,1.467,1.468,1.459,1.463,4095126.31,5988719.71
2026-03-18 23:00:00,1.463,1.466,1.458,1.465,2008092.85,2937647.91
2026-03-19 00:00:00,1.465,1.465,1.459,1.461,2881950.52,4210927.61
2026-03-19 01:00:00,1.461,1.468,1.457,1.462,2250131.77,3289161.99
2026-03-19 02:00:00,1.462,1.465,1.456,1.458,2964938.38,4330354.57
2026-03-19 03:00:00,1.458,1.479,1.458,1.475,5676245.51,8346492.22
2026-03-19 04:00:00,1.475,1.475,1.464,1.467,3976814.47,5842483.71
2026-03-19 05:00:00,1.467,1.468,1.46,1.467,2066002.58,3024831.93
2026-03-19 06:00:00,1.467,1.482,1.464,1.469,6679926.52,9832470.95
2026-03-19 07:00:00,1.469,1.47,1.451,1.461,8128393.98,11868061.21
2026-03-19 08:00:00,1.461,1.464,1.452,1.456,2915324.28,4251669.51
2026-03-19 09:00:00,1.456,1.471,1.456,1.469,3674148.34,5382164.72
2026-03-19 10:00:00,1.469,1.47,1.462,1.463,1588812.24,2329245.36
2026-03-19 11:00:00,1.463,1.466,1.457,1.458,3490690.26,5096063.96
2026-03-19 12:00:00,1.458,1.458,1.435,1.437,8125501.1,11757122.5
2026-03-19 13:00:00,1.437,1.454,1.432,1.452,13543939.62,19539137.14
2026-03-19 14:00:00,1.452,1.457,1.439,1.444,7946166.98,11481106.91
2026-03-19 15:00:00,1.444,1.451,1.425,1.432,13716539.64,19677212.42
2026-03-19 16:00:00,1.432,1.437,1.425,1.427,7025309.54,10047057.04
2026-03-19 17:00:00,1.427,1.439,1.422,1.439,6165313.72,8817709.89
2026-03-19 18:00:00,1.439,1.439,1.431,1.437,3286981.52,4714389.76
2026-03-19 19:00:00,1.437,1.453,1.436,1.445,7985150.11,11560348.74
2026-03-19 20:00:00,1.445,1.454,1.443,1.45,3590866.96,5202892.5
2026-03-19 21:00:00,1.45,1.456,1.45,1.455,1993643.92,2897322.87
2026-03-19 22:00:00,1.455,1.456,1.445,1.449,3237654.35,4695063.57
2026-03-19 23:00:00,1.449,1.454,1.443,1.448,2764567.34,4002181.05
2026-03-20 00:00:00,1.448,1.453,1.446,1.45,2767678.1,4011127.17
2026-03-20 01:00:00,1.45,1.461,1.45,1.457,4620928.69,6731759.22
2026-03-20 02:00:00,1.457,1.457,1.447,1.453,4253454.3,6171363.07
2026-03-20 03:00:00,1.453,1.457,1.45,1.453,2679177.3,3894151.3
2026-03-20 04:00:00,1.453,1.457,1.448,1.454,2052745.16,2980997.43
2026-03-20 05:00:00,1.454,1.458,1.45,1.455,2356498.75,3427118.25
2026-03-20 06:00:00,1.455,1.463,1.45,1.45,3532999.85,5147631.6
2026-03-20 07:00:00,1.45,1.45,1.444,1.444,882402.14,1277584.6
